Artist,Day,Hits,NoOfLoved,Score,Year,DayRanking
The Tiger Lillies,2/1/2019,18,0,30,2019,1
Valley Lodge,2/1/2019,15,0,21,2019,2
Al Holliday,2/1/2019,10,0,14,2019,3
Geoffrey Oryema,2/1/2019,10,0,14,2019,3
The Tiger Lillies,3/1/2019,18,0,18,2019,1
Just Friends,3/1/2019,17,0,23,2019,2
Valley Lodge,3/1/2019,15,0,19,2019,3
The Tiger Lillies,4/1/2019,18,0,18,2019,1
Just Friends,4/1/2019,17,0,17,2019,2
Vanishing Kids,4/1/2019,16,0,20,2019,3
Cappo & Cyrus Malachi,4/1/2019,16,0,20,2019,3
The Tiger Lillies,5/1/2019,24,0,36,2019,1
Just Friends,5/1/2019,18,0,24,2019,2
Vanishing Kids,5/1/2019,16,0,16,2019,3
Cappo & Cyrus Malachi,5/1/2019,16,0,16,2019,3
The Tiger Lillies,6/1/2019,25,0,37,2019,1
Just Friends,6/1/2019,18,0,18,2019,2
Vanishing Kids,6/1/2019,16,0,16,2019,3
Cappo & Cyrus Malachi,6/1/2019,16,0,16,2019,3
The Tiger Lillies,7/1/2019,25,0,25,2019,1
Vanishing Kids,7/1/2019,19,0,25,2019,2
Just Friends,7/1/2019,18,0,18,2019,3
The Tiger Lillies,8/1/2019,25,0,25,2019,1
Just Friends,8/1/2019,24,0,30,2019,2
Vanishing Kids,8/1/2019,19,0,23,2019,3
The Tiger Lillies,9/1/2019,25,0,25,2019,1
Just Friends,9/1/2019,24,0,24,2019,2
Vanishing Kids,9/1/2019,19,0,19,2019,3
Sacred Spirit,10/1/2019,19,0,31,2019,1
Denzel Curry,10/1/2019,16,0,22,2019,2
nonn,10/1/2019,15,0,19,2019,3
Sacred Spirit,11/1/2019,19,0,19,2019,1
nonn,11/1/2019,15,0,15,2019,2
The Tiger Lillies,11/1/2019,14,0,14,2019,3
Sacred Spirit,12/1/2019,19,0,19,2019,1
Just Friends,12/1/2019,15,0,15,2019,2
nonn,12/1/2019,15,0,15,2019,2
The Tiger Lillies,12/1/2019,14,0,14,2019,3
Sacred Spirit,13/1/2019,19,0,19,2019,1
Just Friends,13/1/2019,15,0,15,2019,2
nonn,13/1/2019,15,0,15,2019,2
The Felice Brothers,13/1/2019,12,0,16,2019,3
Sacred Spirit,14/1/2019,19,0,19,2019,1
Just Friends,14/1/2019,15,0,15,2019,2
nonn,14/1/2019,15,0,15,2019,2
The Felice Brothers,14/1/2019,12,0,12,2019,3
The Felice Brothers,15/1/2019,12,0,12,2019,1
Just Friends,15/1/2019,11,0,11,2019,2
Stray Dogg,15/1/2019,11,0,17,2019,2
the scary jokes,15/1/2019,11,0,17,2019,2
Bertrand Louis,15/1/2019,10,0,14,2019,3
Donna The Buffalo,15/1/2019,10,0,14,2019,3
Vanligt Folk,15/1/2019,10,0,14,2019,3
the scary jokes,16/1/2019,12,0,24,2019,1
Just Friends,16/1/2019,11,0,11,2019,2
Stray Dogg,16/1/2019,11,0,11,2019,2
Bertrand Louis,16/1/2019,10,0,10,2019,3
Donna The Buffalo,16/1/2019,10,0,10,2019,3
Vanligt Folk,16/1/2019,10,0,10,2019,3
Donna The Buffalo,17/1/2019,14,0,26,2019,1
the scary jokes,17/1/2019,12,0,18,2019,2
Stray Dogg,17/1/2019,11,0,11,2019,3
Donna The Buffalo,18/1/2019,14,0,26,2019,1
the scary jokes,18/1/2019,12,0,18,2019,2
Stray Dogg,18/1/2019,11,0,11,2019,3
Donna The Buffalo,19/1/2019,14,0,26,2019,1
Stray Dogg,19/1/2019,11,0,11,2019,2
The Young Veins,19/1/2019,11,0,17,2019,2
Bruno Sanfilippo,19/1/2019,10,0,14,2019,3
Senketsu No Night Club,19/1/2019,10,0,14,2019,3
Vanligt Folk,19/1/2019,10,0,10,2019,3
Stray Dogg,20/1/2019,11,0,11,2019,1
The Young Veins,20/1/2019,11,0,11,2019,1
Bruno Sanfilippo,20/1/2019,10,0,10,2019,2
Senketsu No Night Club,20/1/2019,10,0,10,2019,2
Vanligt Folk,20/1/2019,10,0,10,2019,2
Bertrand Burgalat,20/1/2019,9,0,13,2019,3
Unique,20/1/2019,9,0,13,2019,3
The Young Veins,21/1/2019,14,0,26,2019,1
Senketsu No Night Club,21/1/2019,12,0,18,2019,2
Bruno Sanfilippo,21/1/2019,11,0,15,2019,3
The Young Veins,22/1/2019,14,0,26,2019,1
Mono,22/1/2019,13,0,19,2019,2
Pedro the Lion,22/1/2019,12,0,16,2019,3
Senketsu No Night Club,22/1/2019,12,0,16,2019,3
The Ting Tings,22/1/2019,0,1,20,2019,0
Pedro the Lion,26/1/2019,15,0,15,2019,1
Minor Majority,26/1/2019,14,0,14,2019,2
Mono,26/1/2019,14,0,14,2019,2
Odetta,26/1/2019,14,0,14,2019,2
The Ting Tings,26/1/2019,11,0,11,2019,3
Cafe Creme,26/1/2019,0,1,20,2019,0
Pedro the Lion,23/1/2019,15,0,27,2019,1
Pedro the Lion,24/1/2019,15,0,15,2019,1
Pedro the Lion,25/1/2019,15,0,15,2019,1
Minor Majority,23/1/2019,14,0,20,2019,2
Minor Majority,24/1/2019,14,0,14,2019,2
Minor Majority,25/1/2019,14,0,14,2019,2
Odetta,23/1/2019,14,0,20,2019,2
Odetta,24/1/2019,14,0,14,2019,2
Odetta,25/1/2019,14,0,14,2019,2
Mono,23/1/2019,14,0,20,2019,2
Mono,24/1/2019,14,0,14,2019,2
Mono,25/1/2019,14,0,14,2019,2
The Young Veins,23/1/2019,14,0,14,2019,2
The Young Veins,24/1/2019,14,0,14,2019,2
Senketsu No Night Club,23/1/2019,12,0,12,2019,3
Senketsu No Night Club,24/1/2019,12,0,12,2019,3
The Ting Tings,25/1/2019,11,0,15,2019,3
Dystopia,24/1/2019,0,1,20,2019,0
Minor Majority,27/1/2019,18,0,30,2019,1
Odetta,27/1/2019,18,0,30,2019,1
Mono,27/1/2019,15,0,21,2019,2
Pedro the Lion,27/1/2019,15,0,21,2019,2
Quincy Jones,27/1/2019,9,0,13,2019,3
Donna The Buffalo,27/1/2019,0,1,20,2019,0
Unique,27/1/2019,0,1,20,2019,0
Odetta,28/1/2019,18,0,30,2019,1
Pedro the Lion,28/1/2019,15,0,21,2019,2
Mono,28/1/2019,13,0,13,2019,3
Sneaks,29/1/2019,12,0,24,2019,1
Vangelis,29/1/2019,11,0,17,2019,2
Sharon Van Etten,29/1/2019,10,0,14,2019,3
Janelle Monae,29/1/2019,0,1,20,2019,0
Sharon Van Etten,30/1/2019,13,0,25,2019,1
Vangelis,30/1/2019,13,0,25,2019,1
Sneaks,30/1/2019,12,0,12,2019,2
Leyla McCalla,30/1/2019,11,1,35,2019,3
Leyla McCalla,31/1/2019,16,1,48,2019,1
Sneaks,31/1/2019,16,0,28,2019,1
Vangelis,31/1/2019,15,0,21,2019,2
Sharon Van Etten,31/1/2019,13,0,17,2019,3
Leyla McCalla,1/2/2019,16,0,16,2019,1
Sneaks,1/2/2019,16,0,28,2019,1
Sharon Van Etten,1/2/2019,15,0,21,2019,2
Vangelis,1/2/2019,15,0,15,2019,2
Aiff,1/2/2019,10,0,14,2019,3
THOM AND THE WOLVES,1/2/2019,10,0,14,2019,3
Leyla McCalla,2/2/2019,21,0,33,2019,1
Sneaks,2/2/2019,21,0,33,2019,1
Sharon Van Etten,2/2/2019,17,0,23,2019,2
Vangelis,2/2/2019,17,0,23,2019,2
Aiff,2/2/2019,12,0,16,2019,3
Leyla McCalla,3/2/2019,21,0,21,2019,1
Sneaks,3/2/2019,21,0,33,2019,1
Sharon Van Etten,3/2/2019,18,0,24,2019,2
Vangelis,3/2/2019,17,0,17,2019,3
Leyla McCalla,4/2/2019,21,0,21,2019,1
Sneaks,4/2/2019,21,0,21,2019,1
Vangelis,4/2/2019,17,0,17,2019,2
Brand New,4/2/2019,14,0,18,2019,3
Leyla McCalla,5/2/2019,21,0,21,2019,1
Brand New,5/2/2019,14,0,14,2019,2
the scary jokes,5/2/2019,13,0,17,2019,3
Brand New,6/2/2019,14,0,14,2019,1
the scary jokes,6/2/2019,13,0,13,2019,2
Leyla McCalla,6/2/2019,10,0,10,2019,3
Brand New,7/2/2019,14,0,14,2019,1
the scary jokes,7/2/2019,13,0,13,2019,2
Minor Majority,7/2/2019,8,0,12,2019,3
Brand New,8/2/2019,14,0,14,2019,1
the scary jokes,8/2/2019,13,0,13,2019,2
Leyla McCalla,8/2/2019,10,0,14,2019,3
the scary jokes,9/2/2019,13,0,13,2019,1
Brand New,9/2/2019,11,0,11,2019,2
Minor Majority,9/2/2019,8,0,8,2019,3
alt-J,10/2/2019,5,0,17,2019,1
Leyla McCalla,10/2/2019,5,0,17,2019,1
Donna The Buffalo,10/2/2019,4,0,10,2019,2
Minor Majority,10/2/2019,4,0,4,2019,2
Odetta,10/2/2019,4,0,10,2019,2
Pedro the Lion,10/2/2019,4,0,10,2019,2
Senketsu No Night Club,10/2/2019,4,0,10,2019,2
A' La Carte,10/2/2019,3,0,7,2019,3
Bertrand Louis,10/2/2019,3,0,7,2019,3
Field Works,10/2/2019,3,0,7,2019,3
First Aid Kit,10/2/2019,3,0,7,2019,3
Kasabian,10/2/2019,3,0,7,2019,3
Poptone,10/2/2019,3,0,7,2019,3
Rådjuret,10/2/2019,3,0,7,2019,3
Sharon Van Etten,10/2/2019,3,0,3,2019,3
Sneaks,10/2/2019,3,0,3,2019,3
Stray Dogg,10/2/2019,3,0,7,2019,3
The Ting Tings,10/2/2019,3,0,7,2019,3
Zoë Keating,10/2/2019,3,0,7,2019,3
Leyla McCalla,11/2/2019,10,0,22,2019,1
Sharon Van Etten,11/2/2019,6,0,12,2019,2
Sneaks,11/2/2019,6,0,12,2019,2
alt-J,11/2/2019,5,0,5,2019,3
Leyla McCalla,12/2/2019,10,0,10,2019,1
Minor Majority,12/2/2019,7,0,13,2019,2
Sharon Van Etten,12/2/2019,7,0,13,2019,2
Sneaks,12/2/2019,6,0,6,2019,3
The Revolutionary Army of the Infant Jesus,12/2/2019,0,1,20,2019,0
Leyla McCalla,13/2/2019,11,0,23,2019,1
Sharon Van Etten,13/2/2019,8,0,14,2019,2
Minor Majority,13/2/2019,7,0,7,2019,3
Leyla McCalla,14/2/2019,13,0,25,2019,1
Sharon Van Etten,14/2/2019,11,0,17,2019,2
Sneaks,14/2/2019,10,0,14,2019,3
Mercury Rev,15/2/2019,12,0,24,2019,1
Leyla McCalla,15/2/2019,8,0,8,2019,2
Sharon Van Etten,15/2/2019,8,0,8,2019,2
Sneaks,15/2/2019,8,0,8,2019,2
Jozef Van Wissem and Jim Jarmusch,15/2/2019,7,0,11,2019,3
Mercury Rev,16/2/2019,18,1,50,2019,1
Theon Cross,16/2/2019,13,0,19,2019,2
Jozef Van Wissem and Jim Jarmusch,16/2/2019,9,0,13,2019,3
Mercury Rev,17/2/2019,18,0,18,2019,1
Theon Cross,17/2/2019,13,0,13,2019,2
Xiu Xiu,17/2/2019,13,0,19,2019,2
Jozef Van Wissem and Jim Jarmusch,17/2/2019,9,0,9,2019,3
Mercury Rev,18/2/2019,18,0,18,2019,1
Say Anything,18/2/2019,14,0,20,2019,2
Theon Cross,18/2/2019,13,0,13,2019,3
Xiu Xiu,18/2/2019,13,0,13,2019,3
Mercury Rev,19/2/2019,18,0,18,2019,1
Say Anything,19/2/2019,14,0,14,2019,2
Xiu Xiu,19/2/2019,14,0,20,2019,2
Theon Cross,19/2/2019,13,0,13,2019,3
The Limiñanas,19/2/2019,0,1,20,2019,0
Billie Eilish,19/2/2019,0,1,20,2019,0
Mercury Rev,20/2/2019,18,0,18,2019,1
Say Anything,20/2/2019,16,0,22,2019,2
Xiu Xiu,20/2/2019,14,0,14,2019,3
Audiomachine,21/2/2019,31,0,43,2019,1
Mercury Rev,21/2/2019,18,0,18,2019,2
Say Anything,21/2/2019,16,0,16,2019,3
The Black Skirts,22/2/2019,17,0,29,2019,1
Say Anything,22/2/2019,16,0,16,2019,2
The Last Internationale,22/2/2019,16,0,22,2019,2
Camel Power Club,22/2/2019,15,1,39,2019,3
Deidre & the Dark,22/2/2019,15,0,19,2019,3
The Black Skirts,23/2/2019,17,0,17,2019,1
Ryan Bingham,23/2/2019,16,0,22,2019,2
Say Anything,23/2/2019,16,0,22,2019,2
The Last Internationale,23/2/2019,16,0,16,2019,2
Camel Power Club,23/2/2019,15,0,15,2019,3
Deidre & the Dark,23/2/2019,15,0,15,2019,3
The Last Internationale,24/2/2019,21,0,33,2019,1
Camel Power Club,24/2/2019,20,0,26,2019,2
Say Anything,24/2/2019,18,0,22,2019,3
The Last Internationale,25/2/2019,21,0,33,2019,1
Camel Power Club,25/2/2019,20,0,26,2019,2
The Black Skirts,25/2/2019,17,0,17,2019,3
The Last Internationale,26/2/2019,21,0,21,2019,1
Camel Power Club,26/2/2019,20,0,20,2019,2
Balaklava Blues,26/2/2019,17,0,21,2019,3
Nouvelle Vague,26/2/2019,17,0,21,2019,3
The Black Skirts,26/2/2019,17,0,17,2019,3
The Sonic Dawn,26/2/2019,17,0,21,2019,3
Nouvelle Vague,27/2/2019,18,0,30,2019,1
Balaklava Blues,27/2/2019,17,0,17,2019,2
The Sonic Dawn,27/2/2019,17,0,17,2019,2
Ryan Bingham,27/2/2019,16,0,16,2019,3
Nouvelle Vague,28/2/2019,20,0,32,2019,1
Gary Clark Jr.,28/2/2019,18,0,24,2019,2
Balaklava Blues,28/2/2019,17,0,17,2019,3
The Sonic Dawn,28/2/2019,17,0,17,2019,3
The Cat Empire,28/2/2019,0,2,40,2019,0
Gary Clark Jr.,1/3/2019,21,0,33,2019,1
Nouvelle Vague,1/3/2019,20,0,26,2019,2
Du Blonde,1/3/2019,19,0,23,2019,3
Gary Clark Jr.,2/3/2019,21,0,21,2019,1
Nouvelle Vague,2/3/2019,20,0,20,2019,2
Du Blonde,2/3/2019,19,0,19,2019,3
Gary Clark Jr.,3/3/2019,21,0,21,2019,1
Nouvelle Vague,3/3/2019,20,0,20,2019,2
Du Blonde,3/3/2019,19,0,19,2019,3
Gary Clark Jr.,4/3/2019,21,0,21,2019,1
Nouvelle Vague,4/3/2019,20,0,20,2019,2
Du Blonde,4/3/2019,19,0,19,2019,3
Du Blonde,5/3/2019,25,0,37,2019,1
Gary Clark Jr.,5/3/2019,21,0,21,2019,2
Future Trail,5/3/2019,18,0,22,2019,3
Gary Clark Jr.,6/3/2019,22,0,34,2019,1
Future Trail,6/3/2019,19,0,25,2019,2
The Chocolate Watchband,6/3/2019,18,0,22,2019,3
Placebo,6/3/2019,0,1,20,2019,0
Du Blonde,7/3/2019,18,0,18,2019,1
Camel Power Club,7/3/2019,16,0,22,2019,2
The Cat Empire,7/3/2019,13,0,17,2019,3
Camel Power Club,8/3/2019,21,0,33,2019,1
Du Blonde,8/3/2019,12,0,12,2019,2
The Cat Empire,8/3/2019,12,0,12,2019,2
Balaklava Blues,8/3/2019,10,0,14,2019,3
The Last Internationale,8/3/2019,10,0,14,2019,3
Camel Power Club,9/3/2019,18,0,30,2019,1
Du Blonde,9/3/2019,13,0,19,2019,2
The Cat Empire,9/3/2019,13,0,19,2019,2
Nouvelle Vague,9/3/2019,11,0,15,2019,3
Camel Power Club,10/3/2019,18,0,18,2019,1
Du Blonde,10/3/2019,13,0,13,2019,2
The Cat Empire,10/3/2019,13,0,13,2019,2
Nouvelle Vague,10/3/2019,11,0,11,2019,3
Camel Power Club,11/3/2019,18,0,30,2019,1
ANGEL-HO,11/3/2019,15,0,21,2019,2
Du Blonde,11/3/2019,13,0,13,2019,3
The Cat Empire,11/3/2019,13,0,13,2019,3
ANGEL-HO,12/3/2019,15,0,15,2019,1
Camel Power Club,12/3/2019,15,0,15,2019,1
Y La Bamba,12/3/2019,11,0,17,2019,2
Mercury Rev,12/3/2019,9,0,13,2019,3
ANGEL-HO,13/3/2019,15,0,15,2019,1
Matmos,13/3/2019,12,0,18,2019,2
Y La Bamba,13/3/2019,11,0,11,2019,3
ANGEL-HO,14/3/2019,15,0,15,2019,1
Matmos,14/3/2019,12,0,12,2019,2
UNKLE,14/3/2019,12,0,18,2019,2
Y La Bamba,14/3/2019,11,0,11,2019,3
ANGEL-HO,15/3/2019,17,0,29,2019,1
Sam Martin,15/3/2019,15,0,21,2019,2
KimoKal,15/3/2019,14,0,18,2019,3
Matmos,15/3/2019,14,0,18,2019,3
UNKLE,15/3/2019,14,0,18,2019,3
Sam Martin,16/3/2019,18,0,30,2019,1
ANGEL-HO,16/3/2019,17,0,17,2019,2
KimoKal,16/3/2019,15,0,19,2019,3
Sam Martin,17/3/2019,18,0,18,2019,1
ANGEL-HO,17/3/2019,17,0,17,2019,2
KimoKal,17/3/2019,15,0,15,2019,3
Sam Martin,18/3/2019,18,0,18,2019,1
Fun Lovin' Criminals,18/3/2019,14,0,20,2019,2
Matmos,18/3/2019,14,0,20,2019,2
UNKLE,18/3/2019,14,0,20,2019,2
Louis Futon,18/3/2019,13,0,17,2019,3
Sam Martin,19/3/2019,18,0,18,2019,1
Fun Lovin' Criminals,19/3/2019,14,0,14,2019,2
UNKLE,19/3/2019,14,0,14,2019,2
Louis Futon,19/3/2019,13,0,13,2019,3
Sam Martin,20/3/2019,18,0,18,2019,1
Fun Lovin' Criminals,20/3/2019,14,0,14,2019,2
KimoKal,20/3/2019,14,0,14,2019,2
The Japanese House,20/3/2019,14,0,20,2019,2
UNKLE,20/3/2019,14,0,14,2019,2
Louis Futon,20/3/2019,13,0,13,2019,3
Elias Dris,20/3/2019,0,1,20,2019,0
Sam Martin,21/3/2019,18,0,18,2019,1
The Japanese House,21/3/2019,17,0,23,2019,2
Fun Lovin' Criminals,21/3/2019,14,0,14,2019,3
KimoKal,21/3/2019,14,0,14,2019,3
Echo & the Bunnymen,21/3/2019,0,1,20,2019,0
The Japanese House,22/3/2019,17,0,29,2019,1
KimoKal,22/3/2019,14,0,14,2019,2
The Felice Brothers,22/3/2019,14,0,20,2019,2
Elias Dris,22/3/2019,11,0,15,2019,3
The Felice Brothers,23/3/2019,21,0,33,2019,1
The Japanese House,23/3/2019,17,0,23,2019,2
Twin Apple,23/3/2019,14,0,18,2019,3
The Felice Brothers,24/3/2019,20,0,20,2019,1
The Japanese House,24/3/2019,18,0,24,2019,2
Twin Apple,24/3/2019,14,0,14,2019,3
The Felice Brothers,25/3/2019,20,0,20,2019,1
The Japanese House,25/3/2019,18,0,24,2019,2
NBLN,25/3/2019,16,0,20,2019,3
The Felice Brothers,26/3/2019,20,0,20,2019,1
NBLN,26/3/2019,16,0,16,2019,2
Twin Apple,26/3/2019,14,0,14,2019,3
The Felice Brothers,27/3/2019,20,0,20,2019,1
NBLN,27/3/2019,16,0,16,2019,2
Twin Apple,27/3/2019,14,0,14,2019,3
NBLN,28/3/2019,20,3,92,2019,1
The Felice Brothers,28/3/2019,19,0,19,2019,2
The Picturebooks,28/3/2019,13,0,17,2019,3
Rina Mushonga,28/3/2019,0,1,20,2019,0
NBLN,29/3/2019,20,0,32,2019,1
Chris Joss,29/3/2019,13,0,19,2019,2
Angel Du$t,29/3/2019,12,0,16,2019,3
Nilufer Yanya,29/3/2019,12,0,16,2019,3
Rina Mushonga,29/3/2019,12,0,16,2019,3
The Soul Movers,29/3/2019,12,0,16,2019,3
These New Puritans,29/3/2019,12,0,16,2019,3
NBLN,30/3/2019,20,0,20,2019,1
Chris Joss,30/3/2019,13,0,13,2019,2
The Soul Movers,30/3/2019,13,0,19,2019,2
Vivii,30/3/2019,13,0,19,2019,2
Angel Du$t,30/3/2019,12,0,12,2019,3
Nilufer Yanya,30/3/2019,12,0,12,2019,3
Rina Mushonga,30/3/2019,12,0,16,2019,3
These New Puritans,30/3/2019,12,0,12,2019,3
NBLN,31/3/2019,20,0,20,2019,1
Rina Mushonga,31/3/2019,16,0,22,2019,2
Karen O & Danger Mouse,31/3/2019,15,1,39,2019,3
These New Puritans,31/3/2019,15,0,19,2019,3
Rob Benedict,31/3/2019,0,1,20,2019,0
Rina Mushonga,1/4/2019,19,0,31,2019,1
Karen O & Danger Mouse,1/4/2019,18,0,24,2019,2
Nilufer Yanya,1/4/2019,16,0,20,2019,3
These New Puritans,1/4/2019,16,0,20,2019,3
Vivii,1/4/2019,16,0,20,2019,3
Rina Mushonga,2/4/2019,19,0,19,2019,1
Karen O & Danger Mouse,2/4/2019,18,0,18,2019,2
Anteros,2/4/2019,16,0,20,2019,3
Nilufer Yanya,2/4/2019,16,0,16,2019,3
These New Puritans,2/4/2019,16,0,16,2019,3
Vivii,2/4/2019,16,0,16,2019,3
Karen O & Danger Mouse,3/4/2019,19,0,31,2019,1
Rina Mushonga,3/4/2019,18,0,18,2019,2
These New Puritans,3/4/2019,17,0,21,2019,3
Vivii,4/4/2019,19,0,31,2019,1
Radio75,4/4/2019,18,0,24,2019,2
Anteros,4/4/2019,17,0,21,2019,3
Dis Fig,4/4/2019,17,0,21,2019,3
Vivii,5/4/2019,21,0,33,2019,1
Anteros,5/4/2019,18,0,24,2019,2
Karen O & Danger Mouse,5/4/2019,18,0,18,2019,2
Sleeper,5/4/2019,14,0,18,2019,3
Nilufer Yanya,5/4/2019,0,1,20,2019,0
Anteros,6/4/2019,18,0,30,2019,1
Karen O & Danger Mouse,6/4/2019,18,0,18,2019,1
Sleeper,6/4/2019,14,0,14,2019,2
Emily Wells,6/4/2019,12,0,16,2019,3
Little Simz,6/4/2019,12,0,16,2019,3
Yves Jarvis,6/4/2019,0,1,20,2019,0
Anteros,7/4/2019,18,0,18,2019,1
Karen O & Danger Mouse,7/4/2019,15,0,15,2019,2
Little Simz,7/4/2019,14,0,18,2019,3
Sleeper,7/4/2019,14,0,14,2019,3
Anteros,8/4/2019,18,0,18,2019,1
Sleeper,8/4/2019,14,0,14,2019,2
Emily Wells,8/4/2019,13,0,17,2019,3
Karen O & Danger Mouse,8/4/2019,13,0,13,2019,3
Simple as pop,8/4/2019,0,1,20,2019,0
Karen O & Danger Mouse,9/4/2019,13,0,13,2019,1
Vivii,9/4/2019,9,0,9,2019,2
Little Simz,9/4/2019,7,0,7,2019,3
The Cinematic Orchestra,9/4/2019,7,0,11,2019,3
Karen O & Danger Mouse,10/4/2019,12,0,12,2019,1
Vivii,10/4/2019,9,0,9,2019,2
Little Simz,10/4/2019,7,0,7,2019,3
The Cinematic Orchestra,10/4/2019,7,0,7,2019,3
Karen O & Danger Mouse,11/4/2019,7,0,7,2019,1
Vivii,11/4/2019,6,0,6,2019,2
Little Simz,11/4/2019,4,0,4,2019,3
Little Simz; Cleo Sol,11/4/2019,4,0,8,2019,3
Nilufer Yanya,11/4/2019,4,0,4,2019,3
Prizm Prime,11/4/2019,4,0,8,2019,3
Rina Mushonga,11/4/2019,4,0,4,2019,3
Curse Of Lono,11/4/2019,0,1,20,2019,0
Karen O & Danger Mouse,12/4/2019,4,0,4,2019,1
Vivii,12/4/2019,4,0,4,2019,1
Adrian Jean,12/4/2019,3,0,9,2019,2
Alex Francis,12/4/2019,3,0,9,2019,2
American Werewolf Academy,12/4/2019,3,0,9,2019,2
Amy Wilcox,12/4/2019,3,0,9,2019,2
Angelica Garcia,12/4/2019,3,0,9,2019,2
Bad Sounds,12/4/2019,3,0,9,2019,2
Balto,12/4/2019,3,0,9,2019,2
Barrie,12/4/2019,3,0,9,2019,2
Bedouine,12/4/2019,3,0,9,2019,2
Big Joanie,12/4/2019,3,0,9,2019,2
Billy King & The Bad Bad Bad,12/4/2019,3,0,9,2019,2
Billy Strings,12/4/2019,3,0,9,2019,2
BLACK MIDI,12/4/2019,3,0,9,2019,2
Little Simz,12/4/2019,3,0,3,2019,2
Little Simz; Cleo Sol,12/4/2019,3,0,3,2019,2
Nilufer Yanya,12/4/2019,3,0,3,2019,2
The Cinematic Orchestra,12/4/2019,3,0,3,2019,2
Adam Melchor,12/4/2019,2,0,6,2019,3
Akil Ammar,12/4/2019,2,0,6,2019,3
Andy,12/4/2019,2,0,6,2019,3
Angel Du$t,12/4/2019,2,0,6,2019,3
Artux Surfin Boi/AKIN/VISUDY,12/4/2019,2,0,6,2019,3
Bizkit with Butta On the Keytar,12/4/2019,2,0,6,2019,3
Bizou,12/4/2019,2,0,6,2019,3
Blessed,12/4/2019,2,0,6,2019,3
Blinky Bill,12/4/2019,2,0,6,2019,3
Branjae,12/4/2019,2,0,6,2019,3
Brian Temba,12/4/2019,2,0,6,2019,3
Close Talker,12/4/2019,2,0,6,2019,3
Condor Gruppe,12/4/2019,2,0,6,2019,3
Just Friends,12/4/2019,2,0,6,2019,3
Lisa Ekdahl,12/4/2019,2,0,6,2019,3
Mercury Rev,12/4/2019,2,0,6,2019,3
Nouvelle Vague,12/4/2019,2,0,6,2019,3
Prizm Prime,12/4/2019,2,0,2,2019,3
Rina Mushonga,12/4/2019,2,0,2,2019,3
The Black Skirts,12/4/2019,2,0,6,2019,3
Vangelis,12/4/2019,2,0,6,2019,3
Karen O & Danger Mouse,13/4/2019,4,0,4,2019,1
Vivii,13/4/2019,4,0,4,2019,1
Adrian Jean,13/4/2019,3,0,3,2019,2
Alex Francis,13/4/2019,3,0,3,2019,2
American Werewolf Academy,13/4/2019,3,0,3,2019,2
Amy Wilcox,13/4/2019,3,0,3,2019,2
Angelica Garcia,13/4/2019,3,0,3,2019,2
Bad Sounds,13/4/2019,3,0,3,2019,2
Balto,13/4/2019,3,0,3,2019,2
Barrie,13/4/2019,3,0,3,2019,2
Bedouine,13/4/2019,3,0,3,2019,2
Big Joanie,13/4/2019,3,0,3,2019,2
Billy King & The Bad Bad Bad,13/4/2019,3,0,3,2019,2
Billy Strings,13/4/2019,3,0,3,2019,2
BLACK MIDI,13/4/2019,3,0,3,2019,2
Little Simz; Cleo Sol,13/4/2019,3,0,3,2019,2
Nilufer Yanya,13/4/2019,3,0,3,2019,2
The Cinematic Orchestra,13/4/2019,3,0,3,2019,2
Adam Melchor,13/4/2019,2,0,2,2019,3
Akil Ammar,13/4/2019,2,0,2,2019,3
Andy,13/4/2019,2,0,2,2019,3
Angel Du$t,13/4/2019,2,0,2,2019,3
Artux Surfin Boi/AKIN/VISUDY,13/4/2019,2,0,2,2019,3
Bizkit with Butta On the Keytar,13/4/2019,2,0,2,2019,3
Bizou,13/4/2019,2,0,2,2019,3
Blessed,13/4/2019,2,0,2,2019,3
Blinky Bill,13/4/2019,2,0,2,2019,3
Branjae,13/4/2019,2,0,2,2019,3
Brian Temba,13/4/2019,2,0,2,2019,3
Briston Maroney,13/4/2019,2,0,6,2019,3
Casii Stephan and the Midnight Sun,13/4/2019,2,0,6,2019,3
Ceramic Animal,13/4/2019,2,0,6,2019,3
Chiu Pi,13/4/2019,2,0,6,2019,3
Cigarette,13/4/2019,2,0,6,2019,3
Cimafunk,13/4/2019,2,0,6,2019,3
Claire George,13/4/2019,2,0,6,2019,3
Close Talker,13/4/2019,2,0,2,2019,3
Combo Chimbita,13/4/2019,2,0,6,2019,3
Condor Gruppe,13/4/2019,2,0,2,2019,3
Curse Of Lono,13/4/2019,2,0,6,2019,3
Daniel Francis Doyle and the Dreams,13/4/2019,2,0,6,2019,3
Devmo,13/4/2019,2,0,6,2019,3
Devon Church,13/4/2019,2,0,6,2019,3
DJ General Mealz,13/4/2019,2,0,6,2019,3
DJ QuestionMark,13/4/2019,2,0,6,2019,3
Doomsquad,13/4/2019,2,0,6,2019,3
Dopey's Robe,13/4/2019,2,0,6,2019,3
Just Friends,13/4/2019,2,0,2,2019,3
Lisa Ekdahl,13/4/2019,2,0,2,2019,3
Little Simz,13/4/2019,2,0,2,2019,3
BLACK MIDI,14/4/2019,5,1,37,2019,1
Adrian Jean,14/4/2019,4,0,10,2019,2
Alex Francis,14/4/2019,4,0,10,2019,2
American Werewolf Academy,14/4/2019,4,0,10,2019,2
Angelica Garcia,14/4/2019,4,1,30,2019,2
Bad Sounds,14/4/2019,4,0,10,2019,2
Balto,14/4/2019,4,0,10,2019,2
Bedouine,14/4/2019,4,0,10,2019,2
Curse Of Lono,14/4/2019,4,0,10,2019,2
Amy Wilcox,14/4/2019,3,0,3,2019,3
Andy,14/4/2019,3,0,7,2019,3
Artux Surfin Boi/AKIN/VISUDY,14/4/2019,3,0,7,2019,3
Barrie,14/4/2019,3,0,3,2019,3
Big Joanie,14/4/2019,3,0,3,2019,3
Billy King & The Bad Bad Bad,14/4/2019,3,0,3,2019,3
Billy Strings,14/4/2019,3,0,3,2019,3
Blinky Bill,14/4/2019,3,0,7,2019,3
Branjae,14/4/2019,3,0,7,2019,3
Brian Temba,14/4/2019,3,0,7,2019,3
Cigarette,14/4/2019,3,0,7,2019,3
Claire George,14/4/2019,3,0,7,2019,3
Daniel Francis Doyle and the Dreams,14/4/2019,3,0,7,2019,3
Devon Church,14/4/2019,3,0,7,2019,3
DJ General Mealz,14/4/2019,3,0,7,2019,3
DJ QuestionMark,14/4/2019,3,0,7,2019,3
Doomsquad,14/4/2019,3,0,7,2019,3
Dopey's Robe,14/4/2019,3,0,7,2019,3
Dos Santos,14/4/2019,3,0,7,2019,3
Drama,14/4/2019,3,0,7,2019,3
Dreamer Boy,14/4/2019,3,0,7,2019,3
The Cinematic Orchestra,14/4/2019,3,0,3,2019,3
Vivii,14/4/2019,3,0,3,2019,3
BLACK MIDI,15/4/2019,6,0,18,2019,1
Angelica Garcia,15/4/2019,5,0,11,2019,2
Curse Of Lono,15/4/2019,5,0,11,2019,2
Alex Francis,15/4/2019,4,0,8,2019,3
Bad Sounds,15/4/2019,4,0,8,2019,3
Balto,15/4/2019,4,0,8,2019,3
Bedouine,15/4/2019,4,0,8,2019,3
Blinky Bill,15/4/2019,4,0,8,2019,3
Devon Church,15/4/2019,4,0,8,2019,3
Doomsquad,15/4/2019,4,0,8,2019,3
Dos Santos,15/4/2019,4,0,8,2019,3
Curse Of Lono,16/4/2019,6,0,18,2019,1
BLACK MIDI,16/4/2019,5,0,11,2019,2
dua saleh,16/4/2019,5,1,31,2019,2
Angelica Garcia,16/4/2019,4,0,8,2019,3
Blinky Bill,16/4/2019,4,0,8,2019,3
Claire George,16/4/2019,4,0,8,2019,3
Devon Church,16/4/2019,4,0,8,2019,3
Doomsquad,16/4/2019,4,0,8,2019,3
Dos Santos,16/4/2019,4,0,8,2019,3
Curse Of Lono,17/4/2019,6,0,6,2019,1
dua saleh,17/4/2019,5,0,5,2019,2
BLACK MIDI,17/4/2019,4,0,8,2019,3
Devon Church,17/4/2019,4,0,8,2019,3
Doomsquad,17/4/2019,4,0,8,2019,3
Dos Santos,17/4/2019,4,0,8,2019,3
Curse Of Lono,18/4/2019,5,0,5,2019,1
dua saleh,18/4/2019,5,0,5,2019,1
BLACK MIDI,18/4/2019,4,0,4,2019,2
Blinky Bill,18/4/2019,3,0,7,2019,3
Claire George,18/4/2019,3,0,7,2019,3
Devon Church,18/4/2019,3,0,7,2019,3
Doomsquad,18/4/2019,3,0,7,2019,3
Dos Santos,18/4/2019,3,0,3,2019,3
El Gallo,18/4/2019,3,0,7,2019,3
Elisapie,18/4/2019,3,0,7,2019,3
Emily C. Browning,18/4/2019,3,0,7,2019,3
Emily Fairlight,18/4/2019,3,0,7,2019,3
dua saleh,19/4/2019,9,0,21,2019,1
Curse Of Lono,19/4/2019,8,0,14,2019,2
BLACK MIDI,19/4/2019,7,0,11,2019,3
Emily Fairlight,19/4/2019,7,1,31,2019,3
dua saleh,20/4/2019,10,0,22,2019,1
BLACK MIDI,20/4/2019,9,0,15,2019,2
Angelica Garcia,20/4/2019,8,0,12,2019,3
Curse Of Lono,20/4/2019,8,0,12,2019,3
Emily Fairlight,20/4/2019,8,0,12,2019,3
Claire George,20/4/2019,0,1,20,2019,0
dua saleh,21/4/2019,10,0,10,2019,1
Emily Fairlight,21/4/2019,8,0,8,2019,2
Angelica Garcia,21/4/2019,7,0,7,2019,3
BLACK MIDI,21/4/2019,7,0,7,2019,3
dua saleh,22/4/2019,8,0,8,2019,1
Emily Fairlight,22/4/2019,8,0,8,2019,1
Angelica Garcia,22/4/2019,6,0,6,2019,2
BLACK MIDI,22/4/2019,6,0,6,2019,2
Nirvana,22/4/2019,6,0,12,2019,2
Curse Of Lono,22/4/2019,5,0,5,2019,3
Ferris & Sylvester,22/4/2019,5,0,9,2019,3
Golden Vessel,22/4/2019,5,0,9,2019,3
Angelica Garcia,23/4/2019,6,0,6,2019,1
BLACK MIDI,23/4/2019,6,0,6,2019,1
Nirvana,23/4/2019,6,0,6,2019,1
dua saleh,23/4/2019,5,0,5,2019,2
Emily Fairlight,23/4/2019,5,0,5,2019,2
Curse Of Lono,23/4/2019,4,0,4,2019,3
Ferris & Sylvester,23/4/2019,4,0,4,2019,3
Golden Vessel,23/4/2019,4,0,4,2019,3
Island,23/4/2019,4,0,8,2019,3
Angelica Garcia,24/4/2019,6,0,6,2019,1
BLACK MIDI,24/4/2019,6,0,6,2019,1
Emily Fairlight,24/4/2019,6,0,6,2019,1
Nirvana,24/4/2019,6,0,6,2019,1
dua saleh,24/4/2019,5,0,5,2019,2
Golden Vessel,24/4/2019,5,0,5,2019,2
Island,24/4/2019,5,0,11,2019,2
Leyla McCalla,24/4/2019,5,0,11,2019,2
Artux Surfin Boi/AKIN/VISUDY,24/4/2019,4,1,28,2019,3
Curse Of Lono,24/4/2019,4,0,8,2019,3
Ferris & Sylvester,24/4/2019,4,0,4,2019,3
Emily Fairlight,25/4/2019,7,0,19,2019,1
Leyla McCalla,25/4/2019,7,0,7,2019,1
Angelica Garcia,25/4/2019,6,0,6,2019,2
BLACK MIDI,25/4/2019,6,0,6,2019,2
dua saleh,25/4/2019,6,0,12,2019,2
Nirvana,25/4/2019,6,0,6,2019,2
Artux Surfin Boi/AKIN/VISUDY,25/4/2019,5,0,9,2019,3
Golden Vessel,25/4/2019,5,0,5,2019,3
Odette,25/4/2019,0,1,20,2019,0
Mojo Juju,25/4/2019,0,1,20,2019,0
Mascarimirì,25/4/2019,0,1,20,2019,0
Leyla McCalla,26/4/2019,8,0,20,2019,1
Nirvana,26/4/2019,6,0,6,2019,2
Emily Fairlight,26/4/2019,5,0,5,2019,3
Golden Vessel,26/4/2019,5,0,5,2019,3
Mexico City Blondes,26/4/2019,5,0,9,2019,3
Mojo Juju,26/4/2019,5,0,9,2019,3
Odette,26/4/2019,5,0,9,2019,3
Leyla McCalla,27/4/2019,9,0,21,2019,1
Mexico City Blondes,27/4/2019,6,0,12,2019,2
Mojo Juju,27/4/2019,6,0,12,2019,2
Nirvana,27/4/2019,6,0,6,2019,2
Odette,27/4/2019,6,0,12,2019,2
Emily Fairlight,27/4/2019,5,0,9,2019,3
Leyla McCalla,28/4/2019,9,0,9,2019,1
Mexico City Blondes,28/4/2019,6,0,6,2019,2
Mojo Juju,28/4/2019,6,0,6,2019,2
Nirvana,28/4/2019,6,0,6,2019,2
Odette,28/4/2019,6,0,6,2019,2
Artux Surfin Boi/AKIN/VISUDY,28/4/2019,5,0,5,2019,3
Emily Fairlight,28/4/2019,5,0,5,2019,3
Leyla McCalla,29/4/2019,9,0,9,2019,1
Mexico City Blondes,29/4/2019,6,0,6,2019,2
Mojo Juju,29/4/2019,6,0,6,2019,2
Odette,29/4/2019,6,0,6,2019,2
Artux Surfin Boi/AKIN/VISUDY,29/4/2019,5,0,5,2019,3
Emily Fairlight,29/4/2019,5,0,5,2019,3
Leyla McCalla,30/4/2019,8,0,8,2019,1
Mexico City Blondes,30/4/2019,6,0,6,2019,2
Mojo Juju,30/4/2019,6,0,6,2019,2
Odette,30/4/2019,6,0,6,2019,2
Artux Surfin Boi/AKIN/VISUDY,30/4/2019,5,0,5,2019,3
Emily Fairlight,30/4/2019,5,0,5,2019,3
Odette,1/5/2019,6,0,6,2019,1
Mexico City Blondes,1/5/2019,5,0,5,2019,2
Mojo Juju,1/5/2019,5,0,5,2019,2
Artux Surfin Boi/AKIN/VISUDY,1/5/2019,4,0,4,2019,3
Emily Fairlight,1/5/2019,4,0,4,2019,3
Leyla McCalla,1/5/2019,4,0,4,2019,3
Molly Burch,1/5/2019,4,0,8,2019,3
Mr.Kitty,1/5/2019,4,0,8,2019,3
Otis Wilkins,1/5/2019,4,0,8,2019,3
Odette,2/5/2019,4,0,4,2019,1
Otis Wilkins,2/5/2019,4,0,4,2019,1
Artux Surfin Boi/AKIN/VISUDY,2/5/2019,3,0,3,2019,2
Bedouine,2/5/2019,3,0,3,2019,2
Claire George,2/5/2019,3,0,3,2019,2
Emily Fairlight,2/5/2019,3,0,3,2019,2
Ori,2/5/2019,3,0,9,2019,2
Postdata,2/5/2019,3,0,9,2019,2
Say Sue Me,2/5/2019,3,0,9,2019,2
Sneaks,2/5/2019,3,1,29,2019,2
Angelica Garcia,2/5/2019,2,0,2,2019,3
BLACK MIDI,2/5/2019,2,0,2,2019,3
Blinky Bill,2/5/2019,2,0,2,2019,3
Branjae,2/5/2019,2,0,2,2019,3
Curse Of Lono,2/5/2019,2,0,2,2019,3
Daniel Francis Doyle and the Dreams,2/5/2019,2,0,6,2019,3
Devon Church,2/5/2019,2,0,6,2019,3
Doomsquad,2/5/2019,2,0,6,2019,3
Dos Santos,2/5/2019,2,0,6,2019,3
dua saleh,2/5/2019,2,0,6,2019,3
Golden Vessel,2/5/2019,2,0,6,2019,3
Island,2/5/2019,2,0,6,2019,3
Jackie Cohen,2/5/2019,2,0,6,2019,3
Jonathan Bree,2/5/2019,2,0,6,2019,3
Leyla McCalla,2/5/2019,2,0,2,2019,3
Mexico City Blondes,2/5/2019,2,0,2,2019,3
Mojo Juju,2/5/2019,2,0,2,2019,3
Odonis Odonis,2/5/2019,2,0,6,2019,3
Pecas,2/5/2019,2,0,6,2019,3
Peter Harper,2/5/2019,2,0,6,2019,3
PHI,2/5/2019,2,0,6,2019,3
Plastic Picnic,2/5/2019,2,0,6,2019,3
Poranguí,2/5/2019,2,0,6,2019,3
Potty Mouth,2/5/2019,2,0,6,2019,3
PowerSolo,2/5/2019,2,0,6,2019,3
Profligate,2/5/2019,2,0,6,2019,3
Pscience,2/5/2019,2,0,6,2019,3
Quiet Company,2/5/2019,2,0,6,2019,3
Quivers,2/5/2019,2,0,6,2019,3
Rainstorm Brother,2/5/2019,2,0,6,2019,3
Ray Boudreaux,2/5/2019,2,0,6,2019,3
Red Wanting Blue,2/5/2019,2,0,6,2019,3
RF Shannon,2/5/2019,2,0,6,2019,3
Rizha,2/5/2019,2,0,6,2019,3
Rizzoo Rizzoo,2/5/2019,2,0,6,2019,3
Robot Koch x Delhia De France,2/5/2019,2,0,6,2019,3
Rod Melancon,2/5/2019,2,0,6,2019,3
Rolo Mx,2/5/2019,2,0,6,2019,3
RRUCCULLA,2/5/2019,2,0,6,2019,3
Saint PHNX,2/5/2019,2,0,6,2019,3
Say Sue Me,3/5/2019,4,0,16,2019,1
Sneaks,3/5/2019,4,0,16,2019,1
Saint PHNX,3/5/2019,3,0,9,2019,2
Schaffer the Darklord,3/5/2019,3,0,9,2019,2
Sean Ardoin,3/5/2019,3,0,9,2019,2
Sego,3/5/2019,3,0,9,2019,2
Seyi Shay,3/5/2019,3,0,9,2019,2
Shirt Off Fe,3/5/2019,3,0,9,2019,2
Shubzilla x Bill Beats,3/5/2019,3,0,9,2019,2
Skatenigs,3/5/2019,3,0,9,2019,2
Sofie Winterson,3/5/2019,3,0,9,2019,2
Soriah,3/5/2019,3,0,9,2019,2
Sphynx,3/5/2019,3,0,9,2019,2
SPIRITUAL & The Oufah Band,3/5/2019,3,0,9,2019,2
Squid,3/5/2019,3,0,9,2019,2
Artux Surfin Boi/AKIN/VISUDY,3/5/2019,2,0,2,2019,3
Bedouine,3/5/2019,2,0,2,2019,3
Blinky Bill,3/5/2019,2,0,2,2019,3
Branjae,3/5/2019,2,0,2,2019,3
Claire George,3/5/2019,2,0,2,2019,3
Curse Of Lono,3/5/2019,2,0,2,2019,3
Devon Church,3/5/2019,2,0,2,2019,3
Dos Santos,3/5/2019,2,0,2,2019,3
Postdata,3/5/2019,2,0,2,2019,3
Potty Mouth,3/5/2019,2,0,2,2019,3
PowerSolo,3/5/2019,2,0,2,2019,3
Profligate,3/5/2019,2,0,2,2019,3
Pscience,3/5/2019,2,0,2,2019,3
Quiet Company,3/5/2019,2,0,2,2019,3
Quivers,3/5/2019,2,0,2,2019,3
Rainstorm Brother,3/5/2019,2,0,2,2019,3
Ray Boudreaux,3/5/2019,2,0,2,2019,3
Red Wanting Blue,3/5/2019,2,0,2,2019,3
RF Shannon,3/5/2019,2,0,2,2019,3
Rizha,3/5/2019,2,0,2,2019,3
Rizzoo Rizzoo,3/5/2019,2,0,2,2019,3
Robot Koch x Delhia De France,3/5/2019,2,0,2,2019,3
Rod Melancon,3/5/2019,2,0,2,2019,3
Rolo Mx,3/5/2019,2,0,2,2019,3
RRUCCULLA,3/5/2019,2,0,2,2019,3
Sharon Bourbonnais,3/5/2019,2,0,6,2019,3
Sofia Portanet,3/5/2019,2,0,6,2019,3
Ssali Moses Bebe Cool,3/5/2019,2,0,6,2019,3
Steady Holiday,3/5/2019,2,0,6,2019,3
SteeLYONe,3/5/2019,2,0,6,2019,3
Stefan Wesolowski,3/5/2019,2,0,6,2019,3
Super Doppler,3/5/2019,2,0,6,2019,3
TARANTIST,3/5/2019,2,0,6,2019,3
Sneaks,4/5/2019,5,0,17,2019,1
Say Sue Me,4/5/2019,4,0,10,2019,2
Soriah,4/5/2019,4,0,10,2019,2
Lex Empress,4/5/2019,3,0,7,2019,3
Saint PHNX,4/5/2019,3,0,7,2019,3
Schaffer the Darklord,4/5/2019,3,0,3,2019,3
Sean Ardoin,4/5/2019,3,0,3,2019,3
Sego,4/5/2019,3,0,3,2019,3
Seyi Shay,4/5/2019,3,0,3,2019,3
Shirt Off Fe,4/5/2019,3,0,3,2019,3
Shubzilla x Bill Beats,4/5/2019,3,0,3,2019,3
Skatenigs,4/5/2019,3,0,3,2019,3
Sofie Winterson,4/5/2019,3,0,3,2019,3
Sphynx,4/5/2019,3,0,3,2019,3
SPIRITUAL & The Oufah Band,4/5/2019,3,0,3,2019,3
Squid,4/5/2019,3,0,3,2019,3
TARANTIST,4/5/2019,3,0,7,2019,3
The Curls,4/5/2019,3,0,7,2019,3
Sneaks,5/5/2019,5,0,5,2019,1
Say Sue Me,5/5/2019,4,0,4,2019,2
Soriah,5/5/2019,4,0,4,2019,2
Lex Empress,5/5/2019,3,0,3,2019,3
Saint PHNX,5/5/2019,3,0,3,2019,3
Schaffer the Darklord,5/5/2019,3,0,3,2019,3
Sean Ardoin,5/5/2019,3,0,3,2019,3
Sego,5/5/2019,3,0,3,2019,3
Seyi Shay,5/5/2019,3,0,3,2019,3
Shirt Off Fe,5/5/2019,3,0,3,2019,3
Shubzilla x Bill Beats,5/5/2019,3,0,3,2019,3
Skatenigs,5/5/2019,3,0,3,2019,3
Sofie Winterson,5/5/2019,3,0,3,2019,3
Sphynx,5/5/2019,3,0,3,2019,3
SPIRITUAL & The Oufah Band,5/5/2019,3,0,3,2019,3
Squid,5/5/2019,3,0,3,2019,3
TARANTIST,5/5/2019,3,0,7,2019,3
The Curls,5/5/2019,3,0,3,2019,3
Trouble in the Streets,5/5/2019,0,1,20,2019,0
Sneaks,6/5/2019,5,0,17,2019,1
Soriah,6/5/2019,4,0,10,2019,2
Lex Empress,6/5/2019,3,0,3,2019,3
Sean Ardoin,6/5/2019,3,0,3,2019,3
Sego,6/5/2019,3,0,3,2019,3
Seyi Shay,6/5/2019,3,0,3,2019,3
Shirt Off Fe,6/5/2019,3,0,3,2019,3
Shubzilla x Bill Beats,6/5/2019,3,0,3,2019,3
Skatenigs,6/5/2019,3,0,3,2019,3
Sofie Winterson,6/5/2019,3,0,3,2019,3
Sphynx,6/5/2019,3,0,3,2019,3
SPIRITUAL & The Oufah Band,6/5/2019,3,0,3,2019,3
Squid,6/5/2019,3,0,3,2019,3
TARANTIST,6/5/2019,3,0,7,2019,3
The Curls,6/5/2019,3,0,3,2019,3
Wake Island,6/5/2019,0,1,20,2019,0
Sneaks,7/5/2019,4,0,16,2019,1
Soriah,7/5/2019,4,0,16,2019,1
Lex Empress,7/5/2019,3,0,3,2019,2
Sphynx,7/5/2019,3,0,3,2019,2
SPIRITUAL & The Oufah Band,7/5/2019,3,0,3,2019,2
Squid,7/5/2019,3,0,3,2019,2
TARANTIST,7/5/2019,3,0,9,2019,2
The Curls,7/5/2019,3,0,3,2019,2
Sego,7/5/2019,2,0,2,2019,3
Seyi Shay,7/5/2019,2,0,2,2019,3
Shirt Off Fe,7/5/2019,2,0,2,2019,3
Shubzilla x Bill Beats,7/5/2019,2,0,2,2019,3
Skatenigs,7/5/2019,2,0,2,2019,3
Sofie Winterson,7/5/2019,2,0,2,2019,3
Ssali Moses Bebe Cool,7/5/2019,2,0,2,2019,3
Steady Holiday,7/5/2019,2,0,2,2019,3
SteeLYONe,7/5/2019,2,0,2,2019,3
Stefan Wesolowski,7/5/2019,2,0,2,2019,3
Super Doppler,7/5/2019,2,0,2,2019,3
Sweet Spirit,7/5/2019,2,0,6,2019,3
Talos,7/5/2019,2,0,6,2019,3
Tarik Hassan,7/5/2019,2,0,6,2019,3
Termination Dust,7/5/2019,2,0,6,2019,3
Tetractys,7/5/2019,2,0,6,2019,3
The Blank Tapes,7/5/2019,2,0,6,2019,3
The Chills,7/5/2019,2,0,6,2019,3
The Colors,7/5/2019,2,0,6,2019,3
The Comet Is Coming,7/5/2019,2,0,6,2019,3
The Fur.,7/5/2019,2,0,6,2019,3
The Hermits,7/5/2019,2,0,6,2019,3
The Kernal,7/5/2019,2,0,6,2019,3
The Klitz,7/5/2019,2,0,6,2019,3
The Lagoons,7/5/2019,2,0,6,2019,3
The Mammoths,7/5/2019,2,0,6,2019,3
The Nude Party,7/5/2019,2,0,6,2019,3
The Other End,7/5/2019,2,0,6,2019,3
The Palmer Squares,7/5/2019,2,0,6,2019,3
The Perfect Me,7/5/2019,2,0,6,2019,3
The Philharmonik,7/5/2019,2,0,6,2019,3
Thee Idylls,7/5/2019,2,0,6,2019,3
Theodore,7/5/2019,2,0,6,2019,3
Tia Gostelow,7/5/2019,2,0,6,2019,3
TofLang,7/5/2019,2,0,6,2019,3
Tommy McLain,7/5/2019,2,0,6,2019,3
Tony Bray,7/5/2019,2,0,6,2019,3
Tow'rs,7/5/2019,2,0,6,2019,3
Trouble in the Streets,7/5/2019,2,0,6,2019,3
Trupa Trupa,7/5/2019,2,0,6,2019,3
Sneaks,8/5/2019,4,0,16,2019,1
Lex Empress,8/5/2019,3,0,3,2019,2
Soriah,8/5/2019,3,0,3,2019,2
The Curls,8/5/2019,3,0,3,2019,2
Tow'rs,8/5/2019,3,0,9,2019,2
Trouble in the Streets,8/5/2019,3,0,9,2019,2
Trupa Trupa,8/5/2019,3,0,9,2019,2
Adrian Jean,8/5/2019,2,0,6,2019,3
Alex Francis,8/5/2019,2,0,6,2019,3
Shirt Off Fe,8/5/2019,2,0,2,2019,3
Shubzilla x Bill Beats,8/5/2019,2,0,2,2019,3
Skatenigs,8/5/2019,2,0,2,2019,3
Sofie Winterson,8/5/2019,2,0,2,2019,3
Sphynx,8/5/2019,2,0,2,2019,3
SPIRITUAL & The Oufah Band,8/5/2019,2,0,2,2019,3
Squid,8/5/2019,2,0,2,2019,3
TARANTIST,8/5/2019,2,0,2,2019,3
Tarik Hassan,8/5/2019,2,0,2,2019,3
Termination Dust,8/5/2019,2,0,2,2019,3
Tetractys,8/5/2019,2,0,2,2019,3
The Blank Tapes,8/5/2019,2,0,2,2019,3
The Chills,8/5/2019,2,0,2,2019,3
The Colors,8/5/2019,2,0,2,2019,3
The Comet Is Coming,8/5/2019,2,0,2,2019,3
The Fur.,8/5/2019,2,0,2,2019,3
The Hermits,8/5/2019,2,0,2,2019,3
The Kernal,8/5/2019,2,0,2,2019,3
The Klitz,8/5/2019,2,0,2,2019,3
The Lagoons,8/5/2019,2,0,2,2019,3
The Mammoths,8/5/2019,2,0,2,2019,3
The Nude Party,8/5/2019,2,0,2,2019,3
The Other End,8/5/2019,2,0,2,2019,3
The Palmer Squares,8/5/2019,2,0,2,2019,3
The Perfect Me,8/5/2019,2,0,2,2019,3
The Philharmonik,8/5/2019,2,0,2,2019,3
Thee Idylls,8/5/2019,2,0,2,2019,3
Theodore,8/5/2019,2,0,2,2019,3
Tia Gostelow,8/5/2019,2,0,2,2019,3
TofLang,8/5/2019,2,0,2,2019,3
Tommy McLain,8/5/2019,2,0,2,2019,3
Tony Bray,8/5/2019,2,0,2,2019,3
Torae,8/5/2019,2,0,6,2019,3
Trajano!,8/5/2019,2,0,6,2019,3
Tribes,8/5/2019,2,0,6,2019,3
Tufan Derince,8/5/2019,2,0,6,2019,3
Twanguero,8/5/2019,2,0,6,2019,3
Twist,8/5/2019,2,0,6,2019,3
Tyler Ramsey,8/5/2019,2,0,6,2019,3
Vandoliers,8/5/2019,2,0,6,2019,3
Viagra Boys,8/5/2019,2,0,6,2019,3
Lex Empress,9/5/2019,3,0,3,2019,1
Soriah,9/5/2019,3,0,3,2019,1
Tow'rs,9/5/2019,3,0,15,2019,1
Trouble in the Streets,9/5/2019,3,0,15,2019,1
Trupa Trupa,9/5/2019,3,0,15,2019,1
Adrian Jean,9/5/2019,2,0,2,2019,2
Alex Francis,9/5/2019,2,0,2,2019,2
Leyla McCalla,9/5/2019,2,0,2,2019,2
Sneaks,9/5/2019,2,0,2,2019,2
Sofie Winterson,9/5/2019,2,0,2,2019,2
Sphynx,9/5/2019,2,0,2,2019,2
SPIRITUAL & The Oufah Band,9/5/2019,2,0,2,2019,2
Squid,9/5/2019,2,0,2,2019,2
The Curls,9/5/2019,2,0,2,2019,2
The Klitz,9/5/2019,2,0,2,2019,2
The Lagoons,9/5/2019,2,0,2,2019,2
The Mammoths,9/5/2019,2,0,2,2019,2
The Nude Party,9/5/2019,2,0,2,2019,2
The Other End,9/5/2019,2,0,2,2019,2
The Palmer Squares,9/5/2019,2,0,2,2019,2
The Perfect Me,9/5/2019,2,0,2,2019,2
The Philharmonik,9/5/2019,2,0,2,2019,2
Tia Gostelow,9/5/2019,2,0,2,2019,2
TofLang,9/5/2019,2,0,2,2019,2
Tommy McLain,9/5/2019,2,0,2,2019,2
Tony Bray,9/5/2019,2,0,2,2019,2
Torae,9/5/2019,2,0,2,2019,2
Trajano!,9/5/2019,2,0,2,2019,2
Tribes,9/5/2019,2,0,2,2019,2
Tufan Derince,9/5/2019,2,0,2,2019,2
Twanguero,9/5/2019,2,0,2,2019,2
Twist,9/5/2019,2,0,2,2019,2
Tyler Ramsey,9/5/2019,2,0,2,2019,2
Vandoliers,9/5/2019,2,0,2,2019,2
Viagra Boys,9/5/2019,2,0,2,2019,2
Viva Non,9/5/2019,2,0,8,2019,2
Wake Island,9/5/2019,2,0,8,2019,2
Yellow Fang,9/5/2019,2,0,8,2019,2
Z,9/5/2019,2,0,8,2019,2
:Papercutz,9/5/2019,1,0,5,2019,3
*repeat repeat,9/5/2019,1,0,5,2019,3
Andy,9/5/2019,1,0,5,2019,3
Angelica Garcia,9/5/2019,1,0,1,2019,3
Bad Sounds,9/5/2019,1,0,5,2019,3
Balto,9/5/2019,1,0,5,2019,3
Bedouine,9/5/2019,1,0,1,2019,3
BLACK MIDI,9/5/2019,1,0,1,2019,3
Blinky Bill,9/5/2019,1,0,1,2019,3
Branjae,9/5/2019,1,0,1,2019,3
Brian Temba,9/5/2019,1,0,5,2019,3
Tow'rs,10/5/2019,3,0,15,2019,1
Trouble in the Streets,10/5/2019,3,0,15,2019,1
Trupa Trupa,10/5/2019,3,0,15,2019,1
Adrian Jean,10/5/2019,2,0,2,2019,2
Alex Francis,10/5/2019,2,0,2,2019,2
Lex Empress,10/5/2019,2,0,2,2019,2
Leyla McCalla,10/5/2019,2,0,2,2019,2
Sneaks,10/5/2019,2,0,2,2019,2
Sweet Spirit,10/5/2019,2,0,2,2019,2
Talos,10/5/2019,2,0,2,2019,2
TARANTIST,10/5/2019,2,0,2,2019,2
Tarik Hassan,10/5/2019,2,0,2,2019,2
Termination Dust,10/5/2019,2,0,2,2019,2
Tetractys,10/5/2019,2,0,2,2019,2
The Blank Tapes,10/5/2019,2,0,2,2019,2
The Chills,10/5/2019,2,0,2,2019,2
The Colors,10/5/2019,2,0,2,2019,2
The Comet Is Coming,10/5/2019,2,0,2,2019,2
The Curls,10/5/2019,2,0,2,2019,2
The Kernal,10/5/2019,2,0,2,2019,2
The Lagoons,10/5/2019,2,0,2,2019,2
The Mammoths,10/5/2019,2,0,2,2019,2
The Nude Party,10/5/2019,2,0,2,2019,2
The Other End,10/5/2019,2,0,2,2019,2
Torae,10/5/2019,2,0,2,2019,2
Trajano!,10/5/2019,2,0,2,2019,2
Tribes,10/5/2019,2,0,2,2019,2
Tufan Derince,10/5/2019,2,0,2,2019,2
Twanguero,10/5/2019,2,0,2,2019,2
Twist,10/5/2019,2,0,2,2019,2
Tyler Ramsey,10/5/2019,2,0,2,2019,2
Vandoliers,10/5/2019,2,0,2,2019,2
Viagra Boys,10/5/2019,2,0,2,2019,2
Viva Non,10/5/2019,2,0,2,2019,2
Wake Island,10/5/2019,2,0,2,2019,2
Yellow Fang,10/5/2019,2,0,2,2019,2
Z,10/5/2019,2,0,2,2019,2
:Papercutz,10/5/2019,1,0,1,2019,3
*repeat repeat,10/5/2019,1,0,1,2019,3
Andy,10/5/2019,1,0,1,2019,3
Angelica Garcia,10/5/2019,1,0,1,2019,3
Bad Sounds,10/5/2019,1,0,1,2019,3
Balto,10/5/2019,1,0,1,2019,3
Bedouine,10/5/2019,1,0,1,2019,3
BLACK MIDI,10/5/2019,1,0,1,2019,3
Blinky Bill,10/5/2019,1,0,1,2019,3
Branjae,10/5/2019,1,0,1,2019,3
Brian Temba,10/5/2019,1,0,1,2019,3
Cigarette,10/5/2019,1,0,5,2019,3
Claire George,10/5/2019,1,0,1,2019,3
Trouble in the Streets,11/5/2019,5,0,17,2019,1
Oxbow,11/5/2019,4,0,10,2019,2
Tow'rs,11/5/2019,4,0,10,2019,2
Trupa Trupa,11/5/2019,4,0,10,2019,2
Torae,11/5/2019,3,0,7,2019,3
Trajano!,11/5/2019,3,0,7,2019,3
Tribes,11/5/2019,3,0,7,2019,3
Tufan Derince,11/5/2019,3,0,7,2019,3
Twanguero,11/5/2019,3,0,7,2019,3
Twist,11/5/2019,3,0,7,2019,3
Tyler Ramsey,11/5/2019,3,0,7,2019,3
Vandoliers,11/5/2019,3,0,7,2019,3
Viva Non,11/5/2019,3,0,7,2019,3
Wake Island,11/5/2019,3,0,7,2019,3
Yellow Fang,11/5/2019,3,0,7,2019,3
Z,11/5/2019,3,0,7,2019,3
Trouble in the Streets,12/5/2019,3,0,15,2019,1
Viva Non,12/5/2019,3,0,15,2019,1
Wake Island,12/5/2019,3,0,15,2019,1
Yellow Fang,12/5/2019,3,0,15,2019,1
Z,12/5/2019,3,0,15,2019,1
Adrian Jean,12/5/2019,2,0,2,2019,2
Alex Francis,12/5/2019,2,0,2,2019,2
Andy,12/5/2019,2,0,8,2019,2
Angelica Garcia,12/5/2019,2,0,2,2019,2
Leyla McCalla,12/5/2019,2,0,2,2019,2
Torae,12/5/2019,2,0,2,2019,2
Tow'rs,12/5/2019,2,0,2,2019,2
Trajano!,12/5/2019,2,0,2,2019,2
Tribes,12/5/2019,2,0,2,2019,2
Trupa Trupa,12/5/2019,2,0,2,2019,2
Tufan Derince,12/5/2019,2,0,2,2019,2
Twanguero,12/5/2019,2,0,2,2019,2
Twist,12/5/2019,2,0,2,2019,2
Tyler Ramsey,12/5/2019,2,0,2,2019,2
Vandoliers,12/5/2019,2,0,2,2019,2
Viagra Boys,12/5/2019,2,0,2,2019,2
Western Youth,12/5/2019,2,0,8,2019,2
Wolf & Moon,12/5/2019,2,0,8,2019,2
Zan,12/5/2019,2,0,8,2019,2
:Papercutz,12/5/2019,1,0,1,2019,3
*repeat repeat,12/5/2019,1,0,1,2019,3
Bad Sounds,12/5/2019,1,0,1,2019,3
Balto,12/5/2019,1,0,1,2019,3
Bedouine,12/5/2019,1,0,1,2019,3
BLACK MIDI,12/5/2019,1,0,1,2019,3
Blinky Bill,12/5/2019,1,0,1,2019,3
Branjae,12/5/2019,1,0,1,2019,3
Brian Temba,12/5/2019,1,0,1,2019,3
Cigarette,12/5/2019,1,0,1,2019,3
Claire George,12/5/2019,1,0,1,2019,3
Curse Of Lono,12/5/2019,1,0,1,2019,3
Daniel Francis Doyle and the Dreams,12/5/2019,1,0,1,2019,3
Devon Church,12/5/2019,1,0,1,2019,3
DJ General Mealz,12/5/2019,1,0,5,2019,3
DJ QuestionMark,12/5/2019,1,0,5,2019,3
Doomsquad,12/5/2019,1,0,1,2019,3
Dopey's Robe,12/5/2019,1,0,5,2019,3
Dos Santos,12/5/2019,1,0,1,2019,3
Drama,12/5/2019,1,0,5,2019,3
Dreamer Boy,12/5/2019,1,0,5,2019,3
dua saleh,12/5/2019,1,0,1,2019,3
El Gallo,12/5/2019,1,0,5,2019,3
Elisapie,12/5/2019,1,0,5,2019,3
Emily C. Browning,12/5/2019,1,0,5,2019,3
Emily Fairlight,12/5/2019,1,0,1,2019,3
Yellow Fang,13/5/2019,3,0,15,2019,1
Z,13/5/2019,3,0,15,2019,1
Adrian Jean,13/5/2019,2,0,2,2019,2
Alex Francis,13/5/2019,2,0,2,2019,2
Andy,13/5/2019,2,0,8,2019,2
Angelica Garcia,13/5/2019,2,0,2,2019,2
Leyla McCalla,13/5/2019,2,0,2,2019,2
Radiohead,13/5/2019,2,0,8,2019,2
Torae,13/5/2019,2,0,2,2019,2
Tow'rs,13/5/2019,2,0,2,2019,2
Trajano!,13/5/2019,2,0,2,2019,2
Tribes,13/5/2019,2,0,2,2019,2
Trouble in the Streets,13/5/2019,2,0,2,2019,2
Trupa Trupa,13/5/2019,2,0,2,2019,2
Tufan Derince,13/5/2019,2,0,2,2019,2
Twanguero,13/5/2019,2,0,2,2019,2
Twist,13/5/2019,2,0,2,2019,2
Tyler Ramsey,13/5/2019,2,0,2,2019,2
Vandoliers,13/5/2019,2,0,2,2019,2
Viva Non,13/5/2019,2,0,2,2019,2
Wake Island,13/5/2019,2,0,2,2019,2
Wolf & Moon,13/5/2019,2,0,2,2019,2
Zan,13/5/2019,2,0,2,2019,2
:Papercutz,13/5/2019,1,0,1,2019,3
*repeat repeat,13/5/2019,1,0,1,2019,3
Bad Sounds,13/5/2019,1,0,1,2019,3
Balto,13/5/2019,1,0,1,2019,3
Bedouine,13/5/2019,1,0,1,2019,3
BLACK MIDI,13/5/2019,1,0,1,2019,3
Blinky Bill,13/5/2019,1,0,1,2019,3
Branjae,13/5/2019,1,0,1,2019,3
Brian Temba,13/5/2019,1,0,1,2019,3
Cigarette,13/5/2019,1,0,1,2019,3
Claire George,13/5/2019,1,0,1,2019,3
Curse Of Lono,13/5/2019,1,0,1,2019,3
Daniel Francis Doyle and the Dreams,13/5/2019,1,0,1,2019,3
Devon Church,13/5/2019,1,0,1,2019,3
DJ General Mealz,13/5/2019,1,0,1,2019,3
DJ QuestionMark,13/5/2019,1,0,1,2019,3
Doomsquad,13/5/2019,1,0,1,2019,3
Dopey's Robe,13/5/2019,1,0,1,2019,3
Dos Santos,13/5/2019,1,0,1,2019,3
Drama,13/5/2019,1,0,1,2019,3
Dreamer Boy,13/5/2019,1,0,1,2019,3
dua saleh,13/5/2019,1,0,1,2019,3
El Gallo,13/5/2019,1,0,1,2019,3
Elisapie,13/5/2019,1,0,1,2019,3
Emily C. Browning,13/5/2019,1,0,1,2019,3
Emily Fairlight,13/5/2019,1,0,1,2019,3
Faded Ghost,13/5/2019,1,0,5,2019,3
Adrian Jean,14/5/2019,2,0,2,2019,1
Alex Francis,14/5/2019,2,0,2,2019,1
Andy,14/5/2019,2,0,14,2019,1
Angelica Garcia,14/5/2019,2,0,2,2019,1
Leyla McCalla,14/5/2019,2,0,2,2019,1
Radiohead,14/5/2019,2,0,2,2019,1
Torae,14/5/2019,2,0,2,2019,1
Tow'rs,14/5/2019,2,0,2,2019,1
Trajano!,14/5/2019,2,0,2,2019,1
Tribes,14/5/2019,2,0,2,2019,1
Trouble in the Streets,14/5/2019,2,0,2,2019,1
Trupa Trupa,14/5/2019,2,0,2,2019,1
Tufan Derince,14/5/2019,2,0,2,2019,1
Twanguero,14/5/2019,2,0,2,2019,1
Twist,14/5/2019,2,0,2,2019,1
Tyler Ramsey,14/5/2019,2,0,2,2019,1
Vandoliers,14/5/2019,2,0,2,2019,1
Viva Non,14/5/2019,2,0,2,2019,1
Wake Island,14/5/2019,2,0,2,2019,1
Yellow Fang,14/5/2019,2,0,2,2019,1
Z,14/5/2019,2,0,2,2019,1
*repeat repeat,14/5/2019,1,0,1,2019,2
Bad Sounds,14/5/2019,1,0,1,2019,2
Balto,14/5/2019,1,0,1,2019,2
Bedouine,14/5/2019,1,0,1,2019,2
BLACK MIDI,14/5/2019,1,0,1,2019,2
Blinky Bill,14/5/2019,1,0,1,2019,2
Branjae,14/5/2019,1,0,1,2019,2
Brian Temba,14/5/2019,1,0,1,2019,2
Cigarette,14/5/2019,1,0,1,2019,2
Claire George,14/5/2019,1,0,1,2019,2
Curse Of Lono,14/5/2019,1,0,1,2019,2
Daniel Francis Doyle and the Dreams,14/5/2019,1,0,1,2019,2
Devon Church,14/5/2019,1,0,1,2019,2
DJ General Mealz,14/5/2019,1,0,1,2019,2
DJ QuestionMark,14/5/2019,1,0,1,2019,2
Doomsquad,14/5/2019,1,0,1,2019,2
Dopey's Robe,14/5/2019,1,0,1,2019,2
Dos Santos,14/5/2019,1,0,1,2019,2
Drama,14/5/2019,1,0,1,2019,2
Dreamer Boy,14/5/2019,1,0,1,2019,2
dua saleh,14/5/2019,1,0,1,2019,2
El Gallo,14/5/2019,1,0,1,2019,2
Elisapie,14/5/2019,1,0,1,2019,2
Emily C. Browning,14/5/2019,1,0,1,2019,2
Emily Fairlight,14/5/2019,1,0,1,2019,2
Faded Ghost,14/5/2019,1,0,1,2019,2
Falz The Bahdguy,14/5/2019,1,0,7,2019,2
Femme,14/5/2019,1,0,7,2019,2
Ferris & Sylvester,14/5/2019,1,0,7,2019,2
Radiohead,16/5/2019,2,0,2,2019,1
Adrian Jean,16/5/2019,1,0,1,2019,2
Andy,16/5/2019,1,0,1,2019,2
Angelica Garcia,16/5/2019,1,0,1,2019,2
Lex Empress,16/5/2019,1,0,1,2019,2
Ori,16/5/2019,1,0,1,2019,2
Otis Wilkins,16/5/2019,1,0,1,2019,2
Oxbow,16/5/2019,1,0,1,2019,2
Pecas,16/5/2019,1,0,1,2019,2
Peter Harper,16/5/2019,1,0,1,2019,2
PHI,16/5/2019,1,0,1,2019,2
Postdata,16/5/2019,1,0,1,2019,2
Saint PHNX,16/5/2019,1,0,1,2019,2
Say Sue Me,16/5/2019,1,0,1,2019,2
Sean Ardoin,16/5/2019,1,0,1,2019,2
Sego,16/5/2019,1,0,1,2019,2
Seyi Shay,16/5/2019,1,0,1,2019,2
Shirt Off Fe,16/5/2019,1,0,1,2019,2
Shubzilla x Bill Beats,16/5/2019,1,0,1,2019,2
Skatenigs,16/5/2019,1,0,1,2019,2
Sneaks,16/5/2019,1,0,1,2019,2
Sofie Winterson,16/5/2019,1,0,1,2019,2
Sphynx,16/5/2019,1,0,1,2019,2
SPIRITUAL & The Oufah Band,16/5/2019,1,0,1,2019,2
Squid,16/5/2019,1,0,1,2019,2
Ssali Moses Bebe Cool,16/5/2019,1,0,1,2019,2
Steady Holiday,16/5/2019,1,0,1,2019,2
SteeLYONe,16/5/2019,1,0,1,2019,2
Stefan Wesolowski,16/5/2019,1,0,1,2019,2
Super Doppler,16/5/2019,1,0,1,2019,2
Sweet Spirit,16/5/2019,1,0,1,2019,2
Talos,16/5/2019,1,0,1,2019,2
TARANTIST,16/5/2019,1,0,1,2019,2
Tarik Hassan,16/5/2019,1,0,1,2019,2
Termination Dust,16/5/2019,1,0,1,2019,2
Tetractys,16/5/2019,1,0,1,2019,2
The Blank Tapes,16/5/2019,1,0,1,2019,2
The Chills,16/5/2019,1,0,1,2019,2
The Colors,16/5/2019,1,0,1,2019,2
The Comet Is Coming,16/5/2019,1,0,1,2019,2
The Kernal,16/5/2019,1,0,1,2019,2
The Lagoons,16/5/2019,1,0,1,2019,2
The Mammoths,16/5/2019,1,0,1,2019,2
The Nude Party,16/5/2019,1,0,1,2019,2
The Other End,16/5/2019,1,0,1,2019,2
The Palmer Squares,16/5/2019,1,0,1,2019,2
The Perfect Me,16/5/2019,1,0,1,2019,2
The Philharmonik,16/5/2019,1,0,1,2019,2
Tia Gostelow,16/5/2019,1,0,1,2019,2
TofLang,16/5/2019,1,0,1,2019,2
Radiohead,17/5/2019,2,0,2,2019,1
Adrian Jean,17/5/2019,1,0,1,2019,2
Andy,17/5/2019,1,0,1,2019,2
Angelica Garcia,17/5/2019,1,0,1,2019,2
Lex Empress,17/5/2019,1,0,1,2019,2
Oxbow,17/5/2019,1,0,1,2019,2
The Perfect Me,17/5/2019,1,0,1,2019,2
The Philharmonik,17/5/2019,1,0,1,2019,2
Tia Gostelow,17/5/2019,1,0,1,2019,2
TofLang,17/5/2019,1,0,1,2019,2
Tommy McLain,17/5/2019,1,0,1,2019,2
Torae,17/5/2019,1,0,1,2019,2
Tow'rs,17/5/2019,1,0,1,2019,2
Trajano!,17/5/2019,1,0,1,2019,2
Tribes,17/5/2019,1,0,1,2019,2
Trouble in the Streets,17/5/2019,1,0,1,2019,2
Trupa Trupa,17/5/2019,1,0,1,2019,2
Tufan Derince,17/5/2019,1,0,1,2019,2
Twanguero,17/5/2019,1,0,1,2019,2
Twist,17/5/2019,1,0,1,2019,2
Tyler Ramsey,17/5/2019,1,0,1,2019,2
Vandoliers,17/5/2019,1,0,1,2019,2
Viva Non,17/5/2019,1,0,1,2019,2
Wake Island,17/5/2019,1,0,1,2019,2
Western Youth,17/5/2019,1,0,1,2019,2
Wolf & Moon,17/5/2019,1,0,1,2019,2
Yellow Fang,17/5/2019,1,0,1,2019,2
Z,17/5/2019,1,0,1,2019,2
Zan,17/5/2019,1,0,1,2019,2
dua saleh,18/5/2019,2,0,2,2019,1
Golden Vessel,18/5/2019,2,0,2,2019,1
LEX the Lexicon Artist,18/5/2019,2,0,14,2019,1
Radiohead,18/5/2019,2,0,2,2019,1
El Gallo,18/5/2019,1,0,1,2019,2
Elisapie,18/5/2019,1,0,1,2019,2
Emily C. Browning,18/5/2019,1,0,1,2019,2
Emily Fairlight,18/5/2019,1,0,1,2019,2
Faded Ghost,18/5/2019,1,0,1,2019,2
Falz The Bahdguy,18/5/2019,1,0,1,2019,2
Femme,18/5/2019,1,0,1,2019,2
Ferris & Sylvester,18/5/2019,1,0,1,2019,2
Flohio,18/5/2019,1,0,7,2019,2
Fruit & Flowers,18/5/2019,1,0,7,2019,2
Jackie Cohen,18/5/2019,1,0,1,2019,2
Jamie Lin Wilson,18/5/2019,1,0,7,2019,2
Jojo Abot,18/5/2019,1,0,7,2019,2
Jonathan,18/5/2019,1,0,7,2019,2
Jonathan Bree,18/5/2019,1,0,1,2019,2
Jonz,18/5/2019,1,0,7,2019,2
Laura Carbone,18/5/2019,1,0,7,2019,2
Laura Misch,18/5/2019,1,0,7,2019,2
Leyla McCalla,18/5/2019,1,0,1,2019,2
Los Gaiteros de Ovejas,18/5/2019,1,0,7,2019,2
Love You Later,18/5/2019,1,0,7,2019,2
LOVING,18/5/2019,1,0,7,2019,2
Magnolian,18/5/2019,1,0,7,2019,2
Mara Connor,18/5/2019,1,1,27,2019,2
Mari,18/5/2019,1,0,7,2019,2
Mascarimiri,18/5/2019,1,0,7,2019,2
Mexico City Blondes,18/5/2019,1,0,1,2019,2
Mojo Juju,18/5/2019,1,0,1,2019,2
Molly Burch,18/5/2019,1,0,1,2019,2
MOONWALKS,18/5/2019,1,0,7,2019,2
Mourning [A] BLKStar,18/5/2019,1,0,7,2019,2
Mr.Kitty,18/5/2019,1,0,1,2019,2
Mundaka,18/5/2019,1,0,7,2019,2
Murray A. Lightburn,18/5/2019,1,0,7,2019,2
Odette,18/5/2019,1,0,1,2019,2
Odonis Odonis,18/5/2019,1,0,1,2019,2
Ori,18/5/2019,1,0,1,2019,2
Otis Wilkins,18/5/2019,1,0,1,2019,2
Pecas,18/5/2019,1,0,1,2019,2
Peter Harper,18/5/2019,1,0,1,2019,2
PHI,18/5/2019,1,0,1,2019,2
Postdata,18/5/2019,1,0,1,2019,2
Saint PHNX,18/5/2019,1,0,1,2019,2
Say Sue Me,18/5/2019,1,0,1,2019,2
Sean Ardoin,18/5/2019,1,0,1,2019,2
Golden Vessel,19/5/2019,3,0,15,2019,1
dua saleh,19/5/2019,2,0,2,2019,2
Emily Fairlight,19/5/2019,2,0,2,2019,2
Jackie Cohen,19/5/2019,2,0,2,2019,2
Laura Carbone,19/5/2019,2,0,8,2019,2
LEX the Lexicon Artist,19/5/2019,2,0,2,2019,2
Mara Connor,19/5/2019,2,0,8,2019,2
Odette,19/5/2019,2,0,2,2019,2
Postdata,19/5/2019,2,0,2,2019,2
Radiohead,19/5/2019,2,0,2,2019,2
Saint PHNX,19/5/2019,2,0,2,2019,2
El Gallo,19/5/2019,1,0,1,2019,3
Elisapie,19/5/2019,1,0,1,2019,3
Emily C. Browning,19/5/2019,1,0,1,2019,3
Faded Ghost,19/5/2019,1,0,1,2019,3
Falz The Bahdguy,19/5/2019,1,0,1,2019,3
Femme,19/5/2019,1,0,1,2019,3
Ferris & Sylvester,19/5/2019,1,0,1,2019,3
Flohio,19/5/2019,1,0,1,2019,3
Fruit & Flowers,19/5/2019,1,0,1,2019,3
Jamie Lin Wilson,19/5/2019,1,0,1,2019,3
Jojo Abot,19/5/2019,1,0,1,2019,3
Jonathan,19/5/2019,1,0,1,2019,3
Jonathan Bree,19/5/2019,1,0,1,2019,3
Jonz,19/5/2019,1,0,1,2019,3
Laura Misch,19/5/2019,1,0,1,2019,3
Leyla McCalla,19/5/2019,1,0,1,2019,3
Los Gaiteros de Ovejas,19/5/2019,1,0,1,2019,3
Love You Later,19/5/2019,1,0,1,2019,3
LOVING,19/5/2019,1,0,1,2019,3
Magnolian,19/5/2019,1,0,1,2019,3
Mari,19/5/2019,1,0,1,2019,3
Mascarimiri,19/5/2019,1,0,1,2019,3
Mexico City Blondes,19/5/2019,1,0,1,2019,3
Mojo Juju,19/5/2019,1,0,1,2019,3
Molly Burch,19/5/2019,1,0,1,2019,3
MOONWALKS,19/5/2019,1,0,1,2019,3
Mourning [A] BLKStar,19/5/2019,1,0,1,2019,3
Mr.Kitty,19/5/2019,1,0,1,2019,3
Mundaka,19/5/2019,1,0,1,2019,3
Murray A. Lightburn,19/5/2019,1,0,1,2019,3
Odonis Odonis,19/5/2019,1,0,1,2019,3
Ori,19/5/2019,1,0,1,2019,3
Otis Wilkins,19/5/2019,1,0,1,2019,3
Pecas,19/5/2019,1,0,1,2019,3
Peter Harper,19/5/2019,1,0,1,2019,3
PHI,19/5/2019,1,0,1,2019,3
Say Sue Me,19/5/2019,1,0,1,2019,3
Sean Ardoin,19/5/2019,1,0,1,2019,3
Sego,19/5/2019,1,0,1,2019,3
Golden Vessel,20/5/2019,3,0,15,2019,1
dua saleh,20/5/2019,2,0,2,2019,2
Emily Fairlight,20/5/2019,2,0,2,2019,2
Jackie Cohen,20/5/2019,2,0,2,2019,2
Laura Carbone,20/5/2019,2,0,8,2019,2
LEX the Lexicon Artist,20/5/2019,2,0,2,2019,2
Mara Connor,20/5/2019,2,0,8,2019,2
Odette,20/5/2019,2,0,2,2019,2
Postdata,20/5/2019,2,0,2,2019,2
Saint PHNX,20/5/2019,2,0,2,2019,2
Sego,20/5/2019,2,0,2,2019,2
Seyi Shay,20/5/2019,2,0,2,2019,2
Stefan Wesolowski,20/5/2019,2,1,22,2019,2
The Blank Tapes,20/5/2019,2,0,2,2019,2
El Gallo,20/5/2019,1,0,1,2019,3
Elisapie,20/5/2019,1,0,1,2019,3
Emily C. Browning,20/5/2019,1,0,1,2019,3
Faded Ghost,20/5/2019,1,0,1,2019,3
Falz The Bahdguy,20/5/2019,1,0,1,2019,3
Femme,20/5/2019,1,0,1,2019,3
Ferris & Sylvester,20/5/2019,1,0,1,2019,3
Flohio,20/5/2019,1,0,1,2019,3
Fruit & Flowers,20/5/2019,1,0,1,2019,3
Jamie Lin Wilson,20/5/2019,1,0,1,2019,3
Jojo Abot,20/5/2019,1,0,1,2019,3
Jonathan,20/5/2019,1,0,1,2019,3
Jonathan Bree,20/5/2019,1,0,1,2019,3
Jonz,20/5/2019,1,0,1,2019,3
Laura Misch,20/5/2019,1,0,1,2019,3
Leyla McCalla,20/5/2019,1,0,1,2019,3
Los Gaiteros de Ovejas,20/5/2019,1,0,1,2019,3
Love You Later,20/5/2019,1,0,1,2019,3
LOVING,20/5/2019,1,0,1,2019,3
Magnolian,20/5/2019,1,0,1,2019,3
Mari,20/5/2019,1,0,1,2019,3
Mascarimiri,20/5/2019,1,0,1,2019,3
Mexico City Blondes,20/5/2019,1,0,1,2019,3
Mojo Juju,20/5/2019,1,0,1,2019,3
Molly Burch,20/5/2019,1,0,1,2019,3
MOONWALKS,20/5/2019,1,0,1,2019,3
Mourning [A] BLKStar,20/5/2019,1,0,1,2019,3
Mr.Kitty,20/5/2019,1,0,1,2019,3
Mundaka,20/5/2019,1,0,1,2019,3
Murray A. Lightburn,20/5/2019,1,0,1,2019,3
Odonis Odonis,20/5/2019,1,0,1,2019,3
Ori,20/5/2019,1,0,1,2019,3
Otis Wilkins,20/5/2019,1,0,1,2019,3
Pecas,20/5/2019,1,0,1,2019,3
Peter Harper,20/5/2019,1,0,1,2019,3
PHI,20/5/2019,1,0,1,2019,3
Emily Fairlight,21/5/2019,5,0,17,2019,1
Golden Vessel,21/5/2019,4,0,10,2019,2
dua saleh,21/5/2019,3,0,7,2019,3
Mara Connor,21/5/2019,3,0,7,2019,3
Stefan Wesolowski,21/5/2019,3,0,7,2019,3
Emily Fairlight,22/5/2019,7,0,19,2019,1
Golden Vessel,22/5/2019,5,0,11,2019,2
Mara Connor,22/5/2019,4,0,8,2019,3
Postdata,22/5/2019,4,0,8,2019,3
Emily Fairlight,23/5/2019,7,0,19,2019,1
Golden Vessel,23/5/2019,5,0,11,2019,2
Postdata,23/5/2019,5,0,11,2019,2
Mara Connor,23/5/2019,4,0,8,2019,3
Stefan Wesolowski,23/5/2019,4,0,8,2019,3
Emily Fairlight,24/5/2019,7,0,19,2019,1
Golden Vessel,24/5/2019,5,0,11,2019,2
Postdata,24/5/2019,5,0,11,2019,2
Mara Connor,24/5/2019,4,0,8,2019,3
Stefan Wesolowski,24/5/2019,4,0,8,2019,3
Emily Fairlight,26/5/2019,7,0,19,2019,1
Stefan Wesolowski,26/5/2019,5,0,11,2019,2
Devon Church,26/5/2019,4,0,8,2019,3
Island,26/5/2019,4,0,8,2019,3
Sofie Winterson,26/5/2019,4,0,8,2019,3
SteeLYONe,26/5/2019,4,0,8,2019,3
Tow'rs,26/5/2019,4,0,8,2019,3
Trouble in the Streets,26/5/2019,4,0,8,2019,3
Flying Lotus,27/5/2019,13,0,25,2019,1
Emily Fairlight,27/5/2019,8,0,14,2019,2
Us,27/5/2019,8,0,14,2019,2
Island,27/5/2019,5,0,9,2019,3
Parralox,27/5/2019,5,0,9,2019,3
Flying Lotus,28/5/2019,25,0,37,2019,1
The National,28/5/2019,15,0,21,2019,2
Us,28/5/2019,10,0,14,2019,3
Flying Lotus,29/5/2019,28,0,40,2019,1
The National,29/5/2019,18,0,24,2019,2
The Ballet,29/5/2019,13,0,17,2019,3
Flying Lotus,30/5/2019,28,0,40,2019,1
The National,30/5/2019,20,0,26,2019,2
Billie Eilish,30/5/2019,16,0,20,2019,3
Flying Lotus,31/5/2019,31,0,43,2019,1
The National,31/5/2019,22,0,28,2019,2
Billie Eilish,31/5/2019,16,0,16,2019,3
Flying Lotus,1/6/2019,31,0,43,2019,1
The Ballet,1/6/2019,24,1,50,2019,2
The National,1/6/2019,22,0,26,2019,3
Billie Eilish,3/6/2019,27,1,59,2019,1
The Ballet,3/6/2019,24,0,30,2019,2
The National,3/6/2019,22,0,26,2019,3
The Last Poets,3/6/2019,19,0,23,2019,3
Flying Lotus,2/6/2019,31,0,43,2019,1
The Ballet,2/6/2019,24,1,50,2019,2
The National,2/6/2019,22,0,26,2019,3
Billie Eilish,4/6/2019,27,0,27,2019,1
The Last Poets,4/6/2019,19,0,19,2019,2
The Meters,4/6/2019,18,0,22,2019,3
Billie Eilish,5/6/2019,27,0,27,2019,1
The Meters,5/6/2019,20,0,26,2019,2
The Last Poets,5/6/2019,17,0,17,2019,3
Covey,6/6/2019,16,0,28,2019,1
The Meters,6/6/2019,16,0,16,2019,1
Brand New,6/6/2019,15,0,21,2019,2
Cate le Bon,6/6/2019,15,0,21,2019,2
Shigeto,6/6/2019,15,0,21,2019,2
Swimming Tapes,6/6/2019,15,0,21,2019,2
Pronoun,6/6/2019,14,0,18,2019,3
Shigeto,7/6/2019,21,1,53,2019,1
Covey,7/6/2019,17,0,23,2019,2
The Meters,7/6/2019,16,0,16,2019,3
Vampire Weekend,7/6/2019,0,1,20,2019,0
Shigeto,8/6/2019,27,0,39,2019,1
Covey,8/6/2019,17,0,17,2019,2
Brand New,8/6/2019,15,0,19,2019,3
Cate le Bon,8/6/2019,15,0,19,2019,3
caterina barbieri,8/6/2019,0,1,20,2019,0
Shigeto,9/6/2019,29,0,41,2019,1
Billie Eilish,9/6/2019,18,0,24,2019,2
Covey,9/6/2019,18,0,24,2019,2
Madonnatron,9/6/2019,17,0,21,2019,3
Vampire Weekend,9/6/2019,17,0,21,2019,3
The Comet Is Coming,9/6/2019,0,2,40,2019,0
Shigeto,10/6/2019,29,0,29,2019,1
Billie Eilish,10/6/2019,19,0,25,2019,2
Covey,10/6/2019,18,0,18,2019,3
Billie Eilish,11/6/2019,30,0,42,2019,1
Shigeto,11/6/2019,29,0,29,2019,2
Covey,11/6/2019,18,0,18,2019,3
Billie Eilish,12/6/2019,31,0,43,2019,1
Shigeto,12/6/2019,27,0,27,2019,2
Vampire Weekend,12/6/2019,25,0,29,2019,3
Billie Eilish,13/6/2019,36,0,48,2019,1
Denzel Curry,13/6/2019,28,0,34,2019,2
Madonnatron,13/6/2019,24,0,28,2019,3
Damon Locks; Black Monument Ensemble,13/6/2019,0,1,20,2019,0
Billie Eilish,14/6/2019,34,0,34,2019,1
Denzel Curry,14/6/2019,28,0,28,2019,2
The National,14/6/2019,22,0,26,2019,3
Billie Eilish,15/6/2019,34,0,34,2019,1
Denzel Curry,15/6/2019,33,0,39,2019,2
Damon Locks; Black Monument Ensemble,15/6/2019,24,0,28,2019,3
Denzel Curry,16/6/2019,34,0,46,2019,1
Billie Eilish,16/6/2019,28,0,28,2019,2
Damon Locks; Black Monument Ensemble,16/6/2019,24,0,24,2019,3
Denzel Curry,17/6/2019,22,0,22,2019,1
The National,17/6/2019,20,0,26,2019,2
Billie Eilish,17/6/2019,19,0,19,2019,3
Denzel Curry,18/6/2019,22,0,22,2019,1
The National,18/6/2019,20,0,20,2019,2
Damon Locks; Black Monument Ensemble,18/6/2019,19,0,23,2019,3
Damon Locks; Black Monument Ensemble,19/6/2019,19,0,19,2019,1
Denzel Curry,19/6/2019,18,0,18,2019,2
The Comet Is Coming,19/6/2019,18,0,24,2019,2
Billie Eilish,19/6/2019,9,0,13,2019,3
Onyx,20/6/2019,11,0,23,2019,1
Denzel Curry,20/6/2019,10,0,10,2019,2
Billie Eilish,20/6/2019,9,0,9,2019,3
Damon Locks; Black Monument Ensemble,20/6/2019,9,0,9,2019,3
The Comet Is Coming,20/6/2019,9,0,9,2019,3
Scott Lavene,20/6/2019,0,1,20,2019,0
Onyx,21/6/2019,13,0,25,2019,1
Scott Lavene,21/6/2019,13,0,25,2019,1
Aurora,21/6/2019,11,0,17,2019,2
Denzel Curry,21/6/2019,10,0,10,2019,3
Kishi Bashi,22/6/2019,17,0,29,2019,1
Yeasayer,22/6/2019,14,0,20,2019,2
Onyx,22/6/2019,13,0,13,2019,3
Scott Lavene,22/6/2019,13,0,13,2019,3
Kishi Bashi,23/6/2019,17,0,17,2019,1
Yeasayer,23/6/2019,14,0,14,2019,2
Onyx,23/6/2019,13,0,13,2019,3
Scott Lavene,23/6/2019,13,0,13,2019,3
Kishi Bashi,24/6/2019,17,0,17,2019,1
Yeasayer,24/6/2019,14,0,14,2019,2
Onyx,24/6/2019,13,0,13,2019,3
Scott Lavene,24/6/2019,13,0,13,2019,3
Yves Jarvis,25/6/2019,23,0,35,2019,1
Kishi Bashi,25/6/2019,17,0,17,2019,2
Yeasayer,25/6/2019,14,0,14,2019,3
Kishi Bashi,26/6/2019,32,0,44,2019,1
Yves Jarvis,26/6/2019,26,0,32,2019,2
Yeasayer,26/6/2019,20,0,24,2019,3
Kishi Bashi,27/6/2019,33,0,45,2019,1
Yves Jarvis,27/6/2019,30,0,36,2019,2
Sly Johnson,27/6/2019,21,0,25,2019,3
Yves Jarvis,28/6/2019,34,0,46,2019,1
BITW,28/6/2019,25,0,31,2019,2
Kishi Bashi,28/6/2019,25,0,25,2019,2
Sly Johnson,28/6/2019,21,0,21,2019,3
Aurélié Dorzée & Tom Theuns ft. Michel Massot,28/6/2019,0,1,20,2019,0
Yves Jarvis,29/6/2019,34,0,34,2019,1
BITW,29/6/2019,26,0,32,2019,2
Sly Johnson,29/6/2019,21,0,21,2019,3
BITW,30/6/2019,34,0,46,2019,1
Yves Jarvis,30/6/2019,34,0,34,2019,1
Sly Johnson,30/6/2019,25,0,31,2019,2
Black Pumas,30/6/2019,23,0,27,2019,3
Yeasayer,30/6/2019,0,1,20,2019,0
Kishi Bashi,30/6/2019,0,3,60,2019,0
BITW,1/7/2019,34,0,34,2019,1
Yves Jarvis,1/7/2019,34,0,34,2019,1
Sly Johnson,1/7/2019,25,0,25,2019,2
Black Pumas,1/7/2019,23,0,23,2019,3
Kate Tempest,1/7/2019,0,1,20,2019,0
BITW,2/7/2019,34,0,34,2019,1
Black Pumas,2/7/2019,23,0,23,2019,2
Kate Tempest,2/7/2019,22,0,26,2019,3
Kishi Bashi,2/7/2019,22,0,26,2019,3
BITW,3/7/2019,34,0,34,2019,1
Kate Tempest,3/7/2019,34,0,46,2019,1
KEŘMA,3/7/2019,27,0,33,2019,2
Black Pumas,3/7/2019,26,0,30,2019,3
Kate Tempest,4/7/2019,34,0,34,2019,1
KEŘMA,4/7/2019,29,0,35,2019,2
Mattiel,4/7/2019,29,0,35,2019,2
Kishi Bashi,4/7/2019,19,0,23,2019,3
Kate Tempest,5/7/2019,34,0,34,2019,1
KEŘMA,5/7/2019,29,0,29,2019,2
Mattiel,5/7/2019,29,0,29,2019,2
Kishi Bashi,5/7/2019,19,0,19,2019,3
Kate Tempest,6/7/2019,38,0,50,2019,1
KEŘMA,6/7/2019,30,0,36,2019,2
Mattiel,6/7/2019,30,0,36,2019,2
Black Pumas,6/7/2019,24,0,28,2019,3
Kishi Bashi,6/7/2019,24,0,28,2019,3
Kate Tempest,7/7/2019,38,0,38,2019,1
BLACK MIDI,7/7/2019,19,0,25,2019,2
Kishi Bashi,7/7/2019,18,0,18,2019,3
Kishi Bashi,8/7/2019,18,0,18,2019,1
Holy Ghost!,8/7/2019,17,0,23,2019,2
Mattiel,8/7/2019,17,0,23,2019,2
Black Pumas,8/7/2019,16,0,20,2019,3
Kate Tempest,8/7/2019,16,0,16,2019,3
Saint Etienne,8/7/2019,16,0,20,2019,3
Kishi Bashi,9/7/2019,18,0,18,2019,1
Black Pumas,9/7/2019,16,0,16,2019,2
Holy Ghost!,9/7/2019,16,0,16,2019,2
Kate Tempest,9/7/2019,16,0,16,2019,2
Melissa Gardiner,9/7/2019,14,0,18,2019,3
Night Moves,9/7/2019,14,0,18,2019,3
The Black Keys,9/7/2019,14,0,18,2019,3
Melissa Gardiner,10/7/2019,15,0,27,2019,1
Night Moves,10/7/2019,14,0,14,2019,2
The Black Keys,10/7/2019,14,0,14,2019,2
Black Pumas,10/7/2019,13,0,13,2019,3
Somerville Symphony Orkestar,10/7/2019,13,0,17,2019,3
The Wild Century,10/7/2019,0,1,20,2019,0
The Shamaniac Movement,10/7/2019,0,1,20,2019,0
Melissa Gardiner,11/7/2019,16,0,28,2019,1
Divino Niño,11/7/2019,15,0,21,2019,2
Somerville Symphony Orkestar,11/7/2019,13,0,13,2019,3
The Allman Betts Band,11/7/2019,13,0,17,2019,3
Kishi Bashi,12/7/2019,17,0,29,2019,1
Black Pumas,12/7/2019,16,0,22,2019,2
Melissa Gardiner,12/7/2019,16,0,16,2019,2
Divino Niño,12/7/2019,15,0,15,2019,3
black midi,12/7/2019,0,1,20,2019,0
Divino Niño,13/7/2019,19,0,31,2019,1
Melissa Gardiner,13/7/2019,16,0,16,2019,2
The Wild Century,13/7/2019,13,0,17,2019,3
Divino Niño,14/7/2019,19,0,19,2019,1
Melissa Gardiner,14/7/2019,16,0,16,2019,2
The Wild Century,14/7/2019,13,0,13,2019,3
Kishi Bashi,15/7/2019,18,0,30,2019,1
The Wild Century,15/7/2019,13,0,13,2019,2
Moodymann,15/7/2019,12,0,16,2019,3
Kishi Bashi,16/7/2019,18,0,18,2019,1
The Wild Century,16/7/2019,15,0,21,2019,2
Moodymann,16/7/2019,14,0,18,2019,3
Kishi Bashi,17/7/2019,18,0,18,2019,1
Moodymann,17/7/2019,14,0,14,2019,2
Kate Tempest,17/7/2019,12,0,16,2019,3
Kishi Bashi,18/7/2019,18,0,18,2019,1
Kate Tempest,18/7/2019,12,0,12,2019,2
Mattiel,18/7/2019,12,0,18,2019,2
BITW,18/7/2019,10,0,14,2019,3
Camel Power Club,18/7/2019,10,0,14,2019,3
Camel Power Club,19/7/2019,13,2,65,2019,1
Kate Tempest,19/7/2019,12,0,12,2019,2
Divino Niño,19/7/2019,8,0,12,2019,3
Karen O & Danger Mouse,19/7/2019,0,1,20,2019,0
The Black Skirts,19/7/2019,0,1,20,2019,0
Camel Power Club,20/7/2019,13,0,13,2019,1
Leyla McCalla,20/7/2019,12,0,18,2019,2
Mattiel,20/7/2019,7,0,11,2019,3
Mercury Rev,20/7/2019,7,0,11,2019,3
The Cat Empire,20/7/2019,7,0,11,2019,3
Leyla McCalla,21/7/2019,15,0,27,2019,1
Camel Power Club,21/7/2019,13,0,13,2019,2
Sneaks,21/7/2019,8,0,12,2019,3
The Cat Empire,21/7/2019,8,0,12,2019,3
Black Pumas,21/7/2019,0,1,20,2019,0
Leyla McCalla,22/7/2019,15,0,15,2019,1
Camel Power Club,22/7/2019,13,0,13,2019,2
Karen O & Danger Mouse,22/7/2019,8,0,12,2019,3
Mattiel,22/7/2019,8,0,12,2019,3
Sneaks,22/7/2019,8,0,8,2019,3
The Cat Empire,22/7/2019,8,0,8,2019,3
Leyla McCalla,23/7/2019,14,0,14,2019,1
Camel Power Club,23/7/2019,13,0,13,2019,2
Karen O & Danger Mouse,23/7/2019,8,0,8,2019,3
The Cat Empire,23/7/2019,8,0,8,2019,3
Leyla McCalla,24/7/2019,15,0,27,2019,1
Camel Power Club,24/7/2019,13,0,13,2019,2
Karen O & Danger Mouse,24/7/2019,11,0,15,2019,3
Leyla McCalla,25/7/2019,14,0,14,2019,1
Billie Eilish,25/7/2019,12,0,18,2019,2
Karen O & Danger Mouse,25/7/2019,11,0,11,2019,3
Leyla McCalla,26/7/2019,14,0,14,2019,1
Billie Eilish,26/7/2019,12,0,12,2019,2
Karen O & Danger Mouse,26/7/2019,10,0,10,2019,3
The National,27/7/2019,20,0,32,2019,1
Billie Eilish,27/7/2019,15,0,21,2019,2
Karen O & Danger Mouse,27/7/2019,10,0,10,2019,3
Vampire Weekend,27/7/2019,10,0,14,2019,3
The National,28/7/2019,20,0,20,2019,1
Billie Eilish,28/7/2019,16,0,22,2019,2
Vampire Weekend,28/7/2019,12,0,16,2019,3
Billie Eilish,29/7/2019,15,0,15,2019,1
The National,29/7/2019,15,0,15,2019,1
Vampire Weekend,29/7/2019,11,0,11,2019,2
Damon Locks; Black Monument Ensemble,29/7/2019,8,0,12,2019,3
Billie Eilish,30/7/2019,15,0,15,2019,1
The National,30/7/2019,15,0,15,2019,1
Vampire Weekend,30/7/2019,11,0,11,2019,2
Damon Locks; Black Monument Ensemble,30/7/2019,8,0,8,2019,3
Billie Eilish,31/7/2019,17,0,29,2019,1
The National,31/7/2019,15,0,15,2019,2
Vampire Weekend,31/7/2019,12,0,16,2019,3
The National,1/8/2019,13,0,13,2019,1
Damon Locks; Black Monument Ensemble,1/8/2019,9,0,15,2019,2
Billie Eilish,1/8/2019,7,0,7,2019,3
The National,2/8/2019,13,0,13,2019,1
Billie Eilish,2/8/2019,7,0,7,2019,2
Boytronic,2/8/2019,6,0,10,2019,3
Kishi Bashi,2/8/2019,6,0,10,2019,3
Kishi Bashi,3/8/2019,6,0,6,2019,1
BITW,3/8/2019,5,0,11,2019,2
Black Pumas,3/8/2019,5,0,11,2019,2
Boytronic,3/8/2019,5,0,5,2019,2
Mattiel,3/8/2019,5,0,11,2019,2
Damon Locks; Black Monument Ensemble,3/8/2019,4,0,8,2019,3
Jane Weaver,3/8/2019,4,0,8,2019,3
KEŘMA,3/8/2019,4,0,8,2019,3
Sly Johnson,3/8/2019,4,0,8,2019,3
Kishi Bashi,4/8/2019,7,0,19,2019,1
BITW,4/8/2019,5,0,5,2019,2
Black Pumas,4/8/2019,5,0,5,2019,2
Boytronic,4/8/2019,5,0,5,2019,2
Calexico & Iron & Wine,4/8/2019,5,0,11,2019,2
Mattiel,4/8/2019,5,0,5,2019,2
Jane Weaver,4/8/2019,4,0,4,2019,3
KEŘMA,4/8/2019,4,0,4,2019,3
Sly Johnson,4/8/2019,4,0,4,2019,3
The Cinematic Orchestra,4/8/2019,4,0,8,2019,3
Kishi Bashi,5/8/2019,7,0,7,2019,1
Leyla McCalla,5/8/2019,6,0,12,2019,2
BITW,5/8/2019,5,0,5,2019,3
Black Pumas,5/8/2019,5,0,5,2019,3
Boytronic,5/8/2019,5,0,5,2019,3
Calexico & Iron & Wine,5/8/2019,5,0,5,2019,3
Mattiel,5/8/2019,5,0,5,2019,3
Billie Eilish,6/8/2019,8,0,20,2019,1
Kishi Bashi,6/8/2019,7,0,7,2019,2
Leyla McCalla,6/8/2019,6,0,6,2019,3
Billie Eilish,7/8/2019,7,0,7,2019,1
Leyla McCalla,7/8/2019,6,0,6,2019,2
Camel Power Club,7/8/2019,4,0,8,2019,3
The Cat Empire,7/8/2019,4,0,8,2019,3
The Cinematic Orchestra,7/8/2019,4,0,8,2019,3
Billie Eilish,8/8/2019,7,0,7,2019,1
Leyla McCalla,8/8/2019,6,0,6,2019,2
Camel Power Club,8/8/2019,4,0,4,2019,3
The Cat Empire,8/8/2019,4,0,4,2019,3
The Cinematic Orchestra,8/8/2019,4,0,4,2019,3
Billie Eilish,9/8/2019,8,0,20,2019,1
Leyla McCalla,9/8/2019,6,0,6,2019,2
Camel Power Club,9/8/2019,4,0,4,2019,3
Condor Gruppe,9/8/2019,4,0,8,2019,3
The Cat Empire,9/8/2019,4,0,4,2019,3
The Cinematic Orchestra,9/8/2019,4,0,4,2019,3
Billie Eilish,10/8/2019,8,0,8,2019,1
Leyla McCalla,10/8/2019,6,0,6,2019,2
Camel Power Club,10/8/2019,4,0,4,2019,3
The Cat Empire,10/8/2019,4,0,4,2019,3
The Cinematic Orchestra,10/8/2019,4,0,4,2019,3
Curse Of Lono,11/8/2019,12,1,44,2019,1
Billie Eilish,11/8/2019,7,0,7,2019,2
Leyla McCalla,11/8/2019,4,0,4,2019,3
Curse Of Lono,12/8/2019,32,1,64,2019,1
Machine Gun Kelly,12/8/2019,12,0,18,2019,2
Khruangbin,12/8/2019,10,0,14,2019,3
Curse Of Lono,13/8/2019,35,0,47,2019,1
Kool Keith,13/8/2019,16,0,22,2019,2
Machine Gun Kelly,13/8/2019,12,0,12,2019,3
Curse Of Lono,14/8/2019,36,0,48,2019,1
Kool Keith,14/8/2019,16,0,16,2019,2
Pouya,14/8/2019,14,0,18,2019,3
Dropps,14/8/2019,0,1,20,2019,0
Curse Of Lono,15/8/2019,37,0,49,2019,1
Rakeem Miles,15/8/2019,24,1,50,2019,2
Kool Keith,15/8/2019,16,0,16,2019,3
Curse Of Lono,16/8/2019,39,0,51,2019,1
Rakeem Miles,16/8/2019,24,0,24,2019,2
Why?,16/8/2019,20,0,24,2019,3
Curse Of Lono,17/8/2019,39,0,39,2019,1
Rakeem Miles,17/8/2019,32,0,38,2019,2
Das EFX,17/8/2019,25,0,29,2019,3
Why?,17/8/2019,25,0,29,2019,3
Purple Pilgrims,17/8/2019,0,1,20,2019,0
The Flaming Lips,17/8/2019,0,1,20,2019,0
Catching Flies,17/8/2019,0,1,20,2019,0
Rakeem Miles,18/8/2019,32,0,32,2019,1
Curse Of Lono,18/8/2019,27,0,27,2019,2
Das EFX,18/8/2019,25,0,25,2019,3
Why?,18/8/2019,25,0,25,2019,3
Rakeem Miles,19/8/2019,32,0,32,2019,1
Das EFX,19/8/2019,25,0,25,2019,2
Why?,19/8/2019,25,0,25,2019,2
Kool Keith,19/8/2019,21,0,25,2019,3
Rakeem Miles,20/8/2019,32,0,32,2019,1
Das EFX,20/8/2019,25,0,25,2019,2
Why?,20/8/2019,25,0,25,2019,2
Pouya,20/8/2019,16,0,20,2019,3
The Flaming Lips,20/8/2019,16,0,20,2019,3
Rakeem Miles,21/8/2019,32,0,32,2019,1
Das EFX,21/8/2019,25,0,25,2019,2
Why?,21/8/2019,25,0,25,2019,2
Schiller,21/8/2019,20,0,24,2019,3
Friendly Fires,21/8/2019,0,1,20,2019,0
Das EFX,22/8/2019,26,0,38,2019,1
Schiller,22/8/2019,20,0,20,2019,2
Jadu Heart,22/8/2019,19,0,23,2019,3
Murs 9th Wonder The Soul Council,22/8/2019,19,0,23,2019,3
Rakeem Miles,22/8/2019,0,1,20,2019,0
Harkin Sarah Silverman,22/8/2019,0,1,20,2019,0
Generationals,22/8/2019,0,1,20,2019,0
Curse Of Lono,22/8/2019,0,1,20,2019,0
Schiller,23/8/2019,26,0,38,2019,1
Murs 9th Wonder The Soul Council,23/8/2019,22,0,28,2019,2
Jadu Heart,23/8/2019,20,0,24,2019,3
The Crooked Yet Fabulous Onion,23/8/2019,20,0,24,2019,3
Why?,23/8/2019,0,2,40,2019,0
Schiller,24/8/2019,26,0,26,2019,1
Murs 9th Wonder The Soul Council,24/8/2019,22,0,22,2019,2
Curse Of Lono,24/8/2019,21,0,25,2019,3
Schiller,25/8/2019,26,0,26,2019,1
Murs 9th Wonder The Soul Council,25/8/2019,22,0,22,2019,2
Curse Of Lono,25/8/2019,21,0,21,2019,3
Schiller,26/8/2019,26,0,26,2019,1
Curse Of Lono,26/8/2019,21,0,21,2019,2
Jadu Heart,26/8/2019,21,0,27,2019,2
Rakeem Miles,26/8/2019,19,0,23,2019,3
Why?,26/8/2019,19,0,23,2019,3
Why?,27/8/2019,26,0,38,2019,1
Curse Of Lono,27/8/2019,22,0,28,2019,2
Rakeem Miles,27/8/2019,20,0,24,2019,3
Willow,27/8/2019,20,0,24,2019,3
Why?,28/8/2019,29,0,41,2019,1
Rakeem Miles,28/8/2019,23,0,29,2019,2
Curse Of Lono,28/8/2019,16,0,16,2019,3
Why?,29/8/2019,22,0,22,2019,1
Rakeem Miles,29/8/2019,16,0,16,2019,2
The Flaming Lips,29/8/2019,15,0,19,2019,3
Rapsody,30/8/2019,17,0,29,2019,1
Why?,30/8/2019,17,0,17,2019,1
Rakeem Miles,30/8/2019,16,0,16,2019,2
Universal Hippies,30/8/2019,16,0,22,2019,2
Ripperton,30/8/2019,13,0,17,2019,3
Rapsody,31/8/2019,24,0,36,2019,1
Universal Hippies,31/8/2019,17,0,23,2019,2
Why?,31/8/2019,17,0,17,2019,2
Rakeem Miles,31/8/2019,16,0,16,2019,3
Rapsody,1/9/2019,24,0,24,2019,1
Universal Hippies,1/9/2019,17,0,17,2019,2
Why?,1/9/2019,17,0,17,2019,2
Ripperton,1/9/2019,13,0,17,2019,3
SIVAN TALMOR,1/9/2019,13,0,17,2019,3
Rapsody,2/9/2019,24,0,24,2019,1
Universal Hippies,2/9/2019,17,0,17,2019,2
Ripperton,2/9/2019,13,0,13,2019,3
SIVAN TALMOR,2/9/2019,13,0,13,2019,3
Rapsody,3/9/2019,30,2,82,2019,1
Seratones,3/9/2019,18,0,24,2019,2
Universal Hippies,3/9/2019,17,0,17,2019,3
L'Aupaire,3/9/2019,0,1,20,2019,0
Rapsody,4/9/2019,31,0,43,2019,1
Felix Ayodele,4/9/2019,18,0,24,2019,2
Seratones,4/9/2019,18,0,18,2019,2
Universal Hippies,4/9/2019,17,0,17,2019,3
BFC,4/9/2019,0,1,20,2019,0
Manu Chao,5/9/2019,40,0,52,2019,1
Rapsody,5/9/2019,33,0,39,2019,2
The Expert,5/9/2019,20,0,24,2019,3
BFC,5/9/2019,0,1,20,2019,0
Manu Chao,6/9/2019,45,2,97,2019,1
Weyes Blood,6/9/2019,22,0,28,2019,2
The Expert,6/9/2019,20,0,20,2019,3
LINGUA IGNOTA,6/9/2019,0,1,20,2019,0
Manu Chao,7/9/2019,52,0,64,2019,1
Weyes Blood,7/9/2019,22,0,22,2019,2
The Expert,7/9/2019,21,0,25,2019,3
Manu Chao,8/9/2019,52,0,52,2019,1
Weyes Blood,8/9/2019,28,0,34,2019,2
The Expert,8/9/2019,21,0,21,2019,3
Manu Chao,9/9/2019,52,0,52,2019,1
Weyes Blood,9/9/2019,28,0,28,2019,2
Jidenna,9/9/2019,21,0,25,2019,3
The Expert,9/9/2019,21,0,21,2019,3
Manu Chao,10/9/2019,52,0,52,2019,1
Weyes Blood,10/9/2019,28,0,28,2019,2
Jidenna,10/9/2019,21,0,21,2019,3
The Expert,10/9/2019,21,0,21,2019,3
Manu Chao,11/9/2019,52,0,52,2019,1
Weyes Blood,11/9/2019,28,0,28,2019,2
CHALI 2NA & KRAFTY KUTS,11/9/2019,21,0,25,2019,3
The Expert,11/9/2019,21,0,21,2019,3
Weyes Blood,12/9/2019,28,0,28,2019,1
Olivia Jean,12/9/2019,22,0,28,2019,2
CHALI 2NA & KRAFTY KUTS,12/9/2019,21,0,21,2019,3
Maria Usbeck,12/9/2019,0,1,20,2019,0
CHALI 2NA & KRAFTY KUTS,13/9/2019,21,0,21,2019,1
Rapsody,13/9/2019,19,1,45,2019,2
Capsula,13/9/2019,16,0,20,2019,3
Olivia Jean,13/9/2019,16,0,16,2019,3
BFC,13/9/2019,0,1,20,2019,0
CHALI 2NA & KRAFTY KUTS,14/9/2019,26,0,38,2019,1
Rapsody,14/9/2019,19,0,19,2019,2
Capsula,14/9/2019,18,0,22,2019,3
CHALI 2NA & KRAFTY KUTS,15/9/2019,26,0,26,2019,1
Rapsody,15/9/2019,19,0,19,2019,2
Capsula,15/9/2019,18,0,18,2019,3
Rapsody,16/9/2019,24,0,36,2019,1
Bat for Lashes,16/9/2019,16,0,22,2019,2
Olivia Jean,16/9/2019,16,0,22,2019,2
Stereonet,16/9/2019,15,0,19,2019,3
Rapsody,17/9/2019,24,0,24,2019,1
Stereonet,17/9/2019,19,0,25,2019,2
Olivia Jean,17/9/2019,17,0,21,2019,3
Manu Chao,18/9/2019,27,0,39,2019,1
Rapsody,18/9/2019,25,0,31,2019,2
BFC,18/9/2019,19,0,23,2019,3
Manu Chao,19/9/2019,28,0,40,2019,1
Weyes Blood,19/9/2019,25,0,31,2019,2
BFC,19/9/2019,20,0,24,2019,3
Manu Chao,20/9/2019,27,0,27,2019,1
Weyes Blood,20/9/2019,24,0,24,2019,2
BFC,20/9/2019,14,0,14,2019,3
Curse Of Lono,20/9/2019,14,0,18,2019,3
Ten Years After,20/9/2019,0,1,20,2019,0
Manu Chao,21/9/2019,25,0,25,2019,1
Weyes Blood,21/9/2019,18,0,18,2019,2
Ten Years After,21/9/2019,17,0,21,2019,3
Manu Chao,22/9/2019,25,0,25,2019,1
The Legendary Pink Dots,22/9/2019,20,1,46,2019,2
Weyes Blood,22/9/2019,18,0,18,2019,3
Manu Chao,23/9/2019,25,0,25,2019,1
The Legendary Pink Dots,23/9/2019,20,0,20,2019,2
Weyes Blood,23/9/2019,18,0,18,2019,3
The Legendary Pink Dots,24/9/2019,20,0,20,2019,1
Manu Chao,24/9/2019,18,0,18,2019,2
Ten Years After,24/9/2019,17,0,21,2019,3
Ten Years After,25/9/2019,20,0,32,2019,1
The Legendary Pink Dots,25/9/2019,20,0,20,2019,1
Gemini Risin Tensnake & Fiora,25/9/2019,16,0,22,2019,2
Hellsingland Underground,25/9/2019,16,0,22,2019,2
Weyes Blood,25/9/2019,12,0,16,2019,3
Arrested Youth,25/9/2019,0,1,20,2019,0
The Legendary Pink Dots,26/9/2019,21,0,33,2019,1
Ten Years After,26/9/2019,20,0,20,2019,2
Gemini Rising Tensnake & Fiora,26/9/2019,16,0,16,2019,3
Hellsingland Underground,26/9/2019,16,0,16,2019,3
The Legendary Pink Dots,27/9/2019,17,0,17,2019,1
Ten Years After,27/9/2019,11,0,11,2019,2
Rubin Steiner,27/9/2019,9,0,13,2019,3
Ry Cooder,27/9/2019,9,1,33,2019,3
Rubin Steiner,28/9/2019,9,0,9,2019,1
Ry Cooder,28/9/2019,9,0,9,2019,1
Emily Breeze,28/9/2019,8,0,14,2019,2
The Legendary Pink Dots,28/9/2019,7,0,7,2019,3
Tribes of the City,28/9/2019,7,0,11,2019,3
Work Drugs,28/9/2019,7,0,11,2019,3
Ry Cooder,29/9/2019,10,0,22,2019,1
Rubin Steiner,29/9/2019,9,0,9,2019,2
Work Drugs,29/9/2019,9,0,15,2019,2
Emily Breeze,29/9/2019,8,0,8,2019,3
Octo Octa,29/9/2019,8,0,12,2019,3
Ten Years After,29/9/2019,8,0,12,2019,3
The Legendary Pink Dots,29/9/2019,8,0,12,2019,3
Tinariwen,29/9/2019,0,1,20,2019,0
Eskimos of Love,30/9/2019,14,0,26,2019,1
Ry Cooder,30/9/2019,10,0,10,2019,2
JPEGMAFIA,30/9/2019,9,0,13,2019,3
Rubin Steiner,30/9/2019,9,0,9,2019,3
Work Drugs,30/9/2019,9,0,9,2019,3
Eskimos of Love,1/10/2019,14,0,14,2019,1
Ry Cooder,1/10/2019,13,0,19,2019,2
Rubin Steiner,1/10/2019,12,0,16,2019,3
Work Drugs,1/10/2019,0,1,20,2019,0
Eskimos of Love,2/10/2019,14,0,14,2019,1
Devendra Banhart,2/10/2019,13,0,19,2019,2
Rubin Steiner,2/10/2019,12,0,12,2019,3
Eskimos of Love,3/10/2019,19,0,31,2019,1
Belle and Sebastian,3/10/2019,18,0,24,2019,2
Devendra Banhart,3/10/2019,15,0,19,2019,3
The Souljazz Orchestra,3/10/2019,0,1,20,2019,0
Sequoyah Murray,3/10/2019,0,1,20,2019,0
Eskimos of Love,4/10/2019,19,0,19,2019,1
Belle and Sebastian,4/10/2019,18,0,18,2019,2
Devendra Banhart,4/10/2019,17,0,21,2019,3
Future Pilot Aka,4/10/2019,0,1,20,2019,0
Eskimos of Love,5/10/2019,19,0,19,2019,1
Belle and Sebastian,5/10/2019,18,0,18,2019,2
Devendra Banhart,5/10/2019,17,0,17,2019,3
riles,5/10/2019,0,1,20,2019,0
Eskimos of Love,6/10/2019,19,0,19,2019,1
Belle and Sebastian,6/10/2019,18,0,18,2019,2
Devendra Banhart,6/10/2019,17,0,17,2019,3
Belle and Sebastian,7/10/2019,18,0,18,2019,1
Devendra Banhart,7/10/2019,17,0,17,2019,2
Eskimos of Love,7/10/2019,17,0,17,2019,2
Julie Plug,7/10/2019,14,0,18,2019,3
Men I Trust,7/10/2019,14,0,18,2019,3
Matana Roberts,9/10/2019,13,0,25,2019,1
riles,9/10/2019,12,0,18,2019,2
Belle and Sebastian,9/10/2019,11,0,15,2019,3
The New Pornographers,9/10/2019,11,0,15,2019,3
Angelina,11/10/2019,15,0,27,2019,1
The New Pornographers,11/10/2019,13,0,19,2019,2
Sui Zhen,11/10/2019,9,0,13,2019,3
Billy Bultheel,12/10/2019,14,0,26,2019,1
Nick Cave & The Bad Seeds,12/10/2019,14,0,26,2019,1
Trentemøller,12/10/2019,10,0,16,2019,2
Matana Roberts,12/10/2019,7,0,11,2019,3
The Legendary Pink Dots,12/10/2019,7,0,11,2019,3
Laurie Anderson Tenzin Choegyal Jesse Paris Smith,13/10/2019,15,0,27,2019,1
Billy Bultheel,13/10/2019,14,0,14,2019,2
Nick Cave & The Bad Seeds,13/10/2019,14,0,14,2019,2
Trentemøller,13/10/2019,10,0,10,2019,3
Laurie Anderson Tenzin Choegyal Jesse Paris Smith,14/10/2019,15,0,15,2019,1
Billy Bultheel,14/10/2019,14,0,14,2019,2
Nick Cave & The Bad Seeds,14/10/2019,14,0,14,2019,2
Trentemøller,14/10/2019,10,0,10,2019,3
The Comet Is Coming,14/10/2019,0,1,20,2019,0
Laurie Anderson Tenzin Choegyal Jesse Paris Smith,15/10/2019,18,0,30,2019,1
Vagabon,15/10/2019,16,2,62,2019,2
Babe Rainbow,15/10/2019,15,0,19,2019,3
Laurie Anderson Tenzin Choegyal Jesse Paris Smith,16/10/2019,18,0,18,2019,1
Vagabon,16/10/2019,16,0,16,2019,2
Babe Rainbow,16/10/2019,15,0,15,2019,3
Matana Roberts,16/10/2019,0,1,20,2019,0
riles,16/10/2019,0,1,20,2019,0
Ry Cooder,16/10/2019,0,1,20,2019,0
Zoo Boutique,16/10/2019,0,1,20,2019,0
Vagabon,17/10/2019,20,0,32,2019,1
Babe Rainbow,17/10/2019,18,0,24,2019,2
Laurie Anderson Tenzin Choegyal Jesse Paris Smith,17/10/2019,18,0,18,2019,2
The Comet Is Coming,17/10/2019,16,1,40,2019,3
Vagabon,18/10/2019,20,0,20,2019,1
Babe Rainbow,18/10/2019,18,0,18,2019,2
Laurie Anderson Tenzin Choegyal Jesse Paris Smith,18/10/2019,18,0,18,2019,2
The Comet Is Coming,18/10/2019,16,0,16,2019,3
Babe Rainbow,19/10/2019,21,0,33,2019,1
Vagabon,19/10/2019,21,0,33,2019,1
The Comet Is Coming,19/10/2019,18,0,24,2019,2
Billy Bultheel,19/10/2019,17,0,21,2019,3
Babe Rainbow,20/10/2019,21,0,21,2019,1
Vagabon,20/10/2019,21,0,21,2019,1
The Comet Is Coming,20/10/2019,18,0,18,2019,2
Bror Gunnar Jansson,20/10/2019,15,0,19,2019,3
Vagabon,21/10/2019,21,0,21,2019,1
Babe Rainbow,21/10/2019,19,0,19,2019,2
The Comet Is Coming,21/10/2019,13,0,13,2019,3
Matana Roberts,22/10/2019,13,0,25,2019,1
The Comet Is Coming,22/10/2019,12,0,12,2019,2
Billy Bultheel,22/10/2019,11,0,15,2019,3
Self Esteem,23/10/2019,13,0,25,2019,1
The Comet Is Coming,23/10/2019,12,0,12,2019,2
Billy Bultheel,23/10/2019,11,0,11,2019,3
Self Esteem,24/10/2019,13,0,13,2019,1
Fabienne DelSol,24/10/2019,10,0,16,2019,2
Swans,24/10/2019,10,1,36,2019,2
Youth Group,24/10/2019,10,0,16,2019,2
Mark Kozelek and Petra Haden,24/10/2019,9,0,13,2019,3
Mary Komasa,24/10/2019,9,0,13,2019,3
Self Esteem,25/10/2019,17,1,49,2019,1
Black Moon,25/10/2019,16,0,22,2019,2
Swans,25/10/2019,14,0,18,2019,3
Self Esteem,26/10/2019,17,0,17,2019,1
Black Moon,26/10/2019,16,0,16,2019,2
Swans,26/10/2019,16,0,22,2019,2
Fabienne DelSol,26/10/2019,14,0,18,2019,3
Mark Kozelek and Petra Haden,26/10/2019,14,0,18,2019,3
Black Moon,27/10/2019,20,0,32,2019,1
Swans,27/10/2019,20,0,32,2019,1
Self Esteem,27/10/2019,17,0,17,2019,2
The Body,27/10/2019,15,0,19,2019,3
Swans,28/10/2019,24,0,36,2019,1
Black Moon,28/10/2019,20,0,20,2019,2
Self Esteem,28/10/2019,17,0,17,2019,3
The Body,28/10/2019,17,0,21,2019,3
Swans,29/10/2019,24,0,24,2019,1
Black Moon,29/10/2019,22,0,28,2019,2
The Body,29/10/2019,19,0,23,2019,3
Anna Wise,30/10/2019,25,0,37,2019,1
Black Moon,30/10/2019,24,0,30,2019,2
Swans,30/10/2019,24,0,24,2019,2
The Body,30/10/2019,19,0,19,2019,3
Anna Wise,31/10/2019,25,0,25,2019,1
Black Moon,31/10/2019,24,0,24,2019,2
The Body,31/10/2019,19,0,19,2019,3
The Roots,31/10/2019,0,1,20,2019,0
Anna Wise,1/11/2019,26,0,38,2019,1
The Roots,1/11/2019,18,0,24,2019,2
Aquarian Blood,1/11/2019,14,0,18,2019,3
Anna Wise,2/11/2019,35,0,47,2019,1
The Roots,2/11/2019,22,0,28,2019,2
Aquarian Blood,2/11/2019,17,0,21,2019,3
Cigarettes After Sex,2/11/2019,17,2,61,2019,3
Ran Nir,2/11/2019,0,1,20,2019,0
Gloria Gift,2/11/2019,0,1,20,2019,0
Anna Wise,3/11/2019,35,0,35,2019,1
The Roots,3/11/2019,22,0,22,2019,2
Cigarettes After Sex,3/11/2019,18,0,22,2019,3
Pet Shop Boys feat. Years & Years,3/11/2019,0,1,20,2019,0
Anna Wise,4/11/2019,35,0,35,2019,1
The Roots,4/11/2019,22,0,22,2019,2
Cigarettes After Sex,4/11/2019,18,0,18,2019,3
The Desert Sessions,4/11/2019,18,0,22,2019,3
Anna Wise,5/11/2019,35,0,35,2019,1
Foreign Television,5/11/2019,29,0,35,2019,2
The Desert Sessions,5/11/2019,27,0,31,2019,3
Foreign Television,6/11/2019,31,0,43,2019,1
The Desert Sessions,6/11/2019,27,0,27,2019,2
Nadine Carina,6/11/2019,19,0,23,2019,3
Dada Ante Portas,6/11/2019,0,2,40,2019,0
Foreign Television,7/11/2019,29,0,29,2019,1
The Desert Sessions,7/11/2019,29,0,41,2019,1
Nadine Carina,7/11/2019,19,0,19,2019,2
Dada Ante Portas,7/11/2019,18,0,22,2019,3
The Desert Sessions,8/11/2019,29,0,29,2019,1
Foreign Television,8/11/2019,23,0,23,2019,2
Anna Wise,8/11/2019,21,0,25,2019,3
The Desert Sessions,9/11/2019,31,0,43,2019,1
Foreign Television,9/11/2019,28,0,34,2019,2
Manu Katche,9/11/2019,21,0,25,2019,3
The Desert Sessions,10/11/2019,31,0,31,2019,1
Foreign Television,10/11/2019,23,0,23,2019,2
Manu Katche,10/11/2019,21,0,21,2019,3
Foreign Television,11/11/2019,23,0,23,2019,1
Portland,11/11/2019,15,0,21,2019,2
Swans,11/11/2019,15,0,21,2019,2
Dada Ante Portas,11/11/2019,13,0,17,2019,3
The Desert Sessions,11/11/2019,13,0,13,2019,3
Swans,12/11/2019,15,0,15,2019,1
Anna Wise,12/11/2019,13,0,19,2019,2
Dada Ante Portas,12/11/2019,13,0,13,2019,2
Shantih Shantih,12/11/2019,12,0,16,2019,3
The Roots,12/11/2019,12,0,16,2019,3
Ten Years After,12/11/2019,0,1,20,2019,0
Fabienne DelSol,13/11/2019,9,0,21,2019,1
Manu Katche,13/11/2019,9,0,21,2019,1
Shantih Shantih,13/11/2019,9,0,9,2019,1
Swans,13/11/2019,9,0,9,2019,1
Anna Wise,13/11/2019,8,0,8,2019,2
Curse Of Lono,13/11/2019,8,0,14,2019,2
Foreign Television,13/11/2019,8,0,14,2019,2
The Roots,13/11/2019,8,0,8,2019,2
Das EFX,13/11/2019,7,0,11,2019,3
Ten Years After,14/11/2019,9,0,21,2019,1
Anna Wise,14/11/2019,8,0,8,2019,2
Curse Of Lono,14/11/2019,8,0,8,2019,2
Manu Chao,14/11/2019,8,0,14,2019,2
The Legendary Pink Dots,14/11/2019,8,0,14,2019,2
The Roots,14/11/2019,8,0,8,2019,2
Weyes Blood,14/11/2019,8,0,14,2019,2
Das EFX,14/11/2019,7,0,7,2019,3
Shantih Shantih,14/11/2019,7,0,7,2019,3
Ten Years After,15/11/2019,9,0,9,2019,1
Curse Of Lono,15/11/2019,8,0,8,2019,2
Manu Chao,15/11/2019,8,0,8,2019,2
The Legendary Pink Dots,15/11/2019,8,0,8,2019,2
Weyes Blood,15/11/2019,8,0,8,2019,2
Das EFX,15/11/2019,7,0,7,2019,3
Ten Years After,16/11/2019,9,0,9,2019,1
Curse Of Lono,16/11/2019,8,0,8,2019,2
Manu Chao,16/11/2019,8,0,8,2019,2
The Legendary Pink Dots,16/11/2019,8,0,8,2019,2
Weyes Blood,16/11/2019,8,0,8,2019,2
Das EFX,16/11/2019,7,0,7,2019,3
Fabienne DelSol,16/11/2019,7,0,11,2019,3
Ten Years After,17/11/2019,9,0,9,2019,1
Curse Of Lono,17/11/2019,8,0,8,2019,2
Manu Chao,17/11/2019,8,0,8,2019,2
The Legendary Pink Dots,17/11/2019,8,0,8,2019,2
Weyes Blood,17/11/2019,8,0,8,2019,2
Das EFX,17/11/2019,7,0,7,2019,3
Fabienne DelSol,17/11/2019,7,0,7,2019,3
Portland,17/11/2019,0,1,20,2019,0
Curse Of Lono,18/11/2019,9,0,21,2019,1
Manu Chao,18/11/2019,8,0,8,2019,2
Leyla McCalla,18/11/2019,7,0,11,2019,3
Billie Eilish,19/11/2019,12,1,44,2019,1
Leyla McCalla,19/11/2019,7,0,7,2019,2
Cigarettes After Sex,19/11/2019,6,0,10,2019,3
Curse Of Lono,19/11/2019,6,0,6,2019,3
Kishi Bashi,19/11/2019,6,0,10,2019,3
Manu Chao,19/11/2019,6,0,6,2019,3
The Legendary Pink Dots,19/11/2019,6,0,10,2019,3
Weyes Blood,19/11/2019,6,0,10,2019,3
Billie Eilish,20/11/2019,12,0,12,2019,1
Manu Chao,20/11/2019,12,0,24,2019,1
Curse Of Lono,20/11/2019,8,0,14,2019,2
Weyes Blood,20/11/2019,8,0,14,2019,2
Black Futures,20/11/2019,7,0,11,2019,3
Leyla McCalla,20/11/2019,7,0,7,2019,3
Billie Eilish,21/11/2019,12,0,12,2019,1
Swans,21/11/2019,11,0,17,2019,2
Aquarian Blood,21/11/2019,9,0,13,2019,3
Self Esteem,21/11/2019,9,0,13,2019,3
Billie Eilish,22/11/2019,18,0,30,2019,1
Cigarettes After Sex,22/11/2019,13,0,19,2019,2
Curse Of Lono,22/11/2019,11,0,15,2019,3
Swans,22/11/2019,11,0,11,2019,3
Billie Eilish,23/11/2019,18,0,18,2019,1
Cigarettes After Sex,23/11/2019,13,0,13,2019,2
Curse Of Lono,23/11/2019,11,0,11,2019,3
Manu Chao,23/11/2019,11,0,15,2019,3
Billie Eilish,24/11/2019,22,0,34,2019,1
Curse Of Lono,24/11/2019,16,0,22,2019,2
Manu Chao,24/11/2019,14,0,18,2019,3
Billie Eilish,25/11/2019,20,0,20,2019,1
Curse Of Lono,25/11/2019,15,0,15,2019,2
Manu Chao,25/11/2019,14,0,14,2019,3
Manu Chao,26/11/2019,14,0,14,2019,1
Marie Spaemann,26/11/2019,12,0,18,2019,2
Ill Camille,26/11/2019,11,0,15,2019,3
Pumarosa,26/11/2019,11,0,15,2019,3
